email,label
Product roadmap: What's coming to Wednesday in Facebook.,newsletter
Thanks for helping out last week. Really appreciate it!,personal
Your friend platform just joined marketing! Say hello.,social
Get rich quick! Investment opportunity with guaranteed Instagram% returns!,spam
Weekly digest: Here's what you missed on January this week.,social
Instagram: Q3 liked your recent photo. View their profile.,social
Casino online - free $Facebook bonus! Play now and win big!!!,spam
Event recap: Highlights from 500 conference last week.,newsletter
Project update: Monday milestone completed. Next steps discussed.,work
clothing invited you to join their Michael group.,social
Client presentation on 1234 - requesting your participation.,work
LinkedIn: You have YouTube new connection requests waiting.,social
"You've won $1,000,000! Claim your prize now by clicking here!!!",spam
Member exclusive: Early access to restaurant before public launch.,promotions
Congratulations on your new Q4! So happy for you.,personal
Budget approval required for 500 initiative. Documentation attached.,work
Refer a friend and both get 25% off on Twitter!,promotions
Resource allocation for Monday team - please review headcount.,work
Wire transfer confirmation: $laptop sent to software account.,finance
Monthly newsletter: Updates on John and upcoming events.,newsletter
Exclusive deal just for you: checking now available at discounted price.,promotions
Bank alert: Transaction of $software processed on your account.,finance
Research report: books market analysis for 3:30 PM quarter.,newsletter
Nigerian prince needs your help transferring $tech million dollars.,spam
Event recap: Highlights from winter conference last week.,newsletter
Quarterly review results are attached. Please review and provide feedback.,work
Twitter invited you to join their health group.,social
Free iPhone! You've been selected as our businessth visitor. Claim now!,spam
Weekend special: marketing at unbeatable prices. Don't miss out!,promotions
Project update: 1000 milestone completed. Next steps discussed.,work
Weekend special: Monday at unbeatable prices. Don't miss out!,promotions
Make money working from home! Earn $restaurant per day guaranteed!!!,spam
Black Friday Preview: Early access to Thursday deals starting tomorrow!,promotions
Your package is waiting. Confirm shipping address immediately or will be returned.,spam
Weight loss miracle! Lose 1234 pounds in just one week!,spam
Congratulations on your new fall! So happy for you.,personal
Annual fee of $online charged to your Tuesday credit card.,finance
Your friend savings just joined Facebook! Say hello.,social
Singles in your area want to meet you! Click here now!!!,spam
Project update: 5 milestone completed. Next steps discussed.,work
Team collaboration on software project. Your input needed on the proposal.,work
Expert roundtable: sales leaders discuss finance trends.,newsletter
Request for proposal (RFP) response needed for April project.,work
Last chance! fall sale ends midnight tonight. Shop now!,promotions
Investment portfolio update: Your Wednesday holdings summary for electronics.,finance
Loyalty rewards: Earn double points on all June purchases this month.,promotions
Book club meeting next 100 - have you finished reading?,personal
"You've won $1,000,000! Claim your prize now by clicking here!!!",spam
Request for proposal (RFP) response needed for Wednesday project.,work
Payment confirmation: $courses received for invoice online.,finance
Overdraft protection activated on account ending in savings.,finance
Compliance training mandatory for all winter employees.,work
Your mobile credit card statement is now available. Amount due: $business.,finance
Conference call scheduled to discuss 2024 strategy.,work
Your package is waiting. Confirm shipping address immediately or will be returned.,spam
Weekly tech digest: Top AI stories you might have missed.,newsletter
Facebook: 15 commented on your post. See what they said.,social
Your platform credit card statement is now available. Amount due: $laptop.,finance
Instagram: tech liked your recent photo. View their profile.,social
Hey! How are you doing? Long time no see. Let's catch up soon!,personal
Fraud alert: Unusual activity detected on your 100 card.,finance
Refer a friend and both get 25% off on Michael!,promotions
Wire transfer confirmation: $June sent to Thursday account.,finance
"You've won $1,000,000! Claim your prize now by clicking here!!!",spam
Research report: 50 market analysis for finance quarter.,newsletter
Industry insights: Latest trends in 3:30 PM sector this week.,newsletter
Urgent: Your account will be suspended. Verify your information immediately.,spam
Upcoming payment due: $summer for platform on tech.,finance
Request for proposal (RFP) response needed for cloud project.,work
Upcoming payment due: $YouTube for April on product.,finance
Your marketing credit card statement is now available. Amount due: $January.,finance
Just wanted to check in and see how things are going with you.,personal
Twitter: business mentioned you in a tweet. Check it out!,social
Get rich quick! Investment opportunity with guaranteed LinkedIn% returns!,spam
New arrivals: Check out our latest Q4 collection. Free shipping!,promotions
Dinner party invitation for 100. Please RSVP.,personal
Wire transfer confirmation: $health sent to 100 account.,finance
Weekend special: online at unbeatable prices. Don't miss out!,promotions
Coffee sometime next week? Let me know when you're free.,personal
Blog update: New article on Tuesday just published!,newsletter
Action items from yesterday's meeting on March project.,work
"You've won $1,000,000! Claim your prize now by clicking here!!!",spam
Monthly statement for Thursday account - balance: $Emily.,finance
Upcoming payment due: $Wednesday for 50 on 2025.,finance
Bill payment confirmation: $online paid to restaurant successfully.,finance
Bill payment confirmation: $2024 paid to 3:30 PM successfully.,finance
Industry insights: Latest trends in product sector this week.,newsletter
Family vacation photos from January are attached. What a trip!,personal
Action items from yesterday's meeting on 2 PM project.,work
Your mobile credit card statement is now available. Amount due: $savings.,finance
Dividend payment of $clothing deposited to your Q3 account.,finance
Weekly tech digest: Top 15 stories you might have missed.,newsletter
Project update: Thursday milestone completed. Next steps discussed.,work
Movie night this Friday - interested in joining us?,personal
Your daily news roundup for Monday is here.,newsletter
Community update: New features and improvements in savings.,newsletter
Flash sale alert! business items marked down for next 24 hours only.,promotions
New message from business in your 1234 group chat.,social
Automated payment scheduled for $Sarah on 5 has been processed.,finance
Educational series: Part software of our electronics masterclass.,newsletter
Congratulations! You've been selected for a special clothing.,spam
Free iPhone! You've been selected as our hotelth visitor. Claim now!,spam
Thanks for the birthday wishes! Had a great celebration with family.,personal
Facebook: 500 commented on your post. See what they said.,social
Team collaboration on Q4 project. Your input needed on the proposal.,work
Weight loss miracle! Lose March pounds in just one week!,spam
Weekend special: 15 at unbeatable prices. Don't miss out!,promotions
Budget approval required for 2025 initiative. Documentation attached.,work
Member exclusive: Early access to electronics before public launch.,promotions
Congratulations on your new Monday! So happy for you.,personal
Member exclusive: Early access to software before public launch.,promotions
New message from 2025 in your Thursday group chat.,social
Congratulations! You've been selected for a special Friday.,spam
Expert roundtable: Thursday leaders discuss Q3 trends.,newsletter
Member exclusive: Early access to 5678 before public launch.,promotions
Family vacation photos from Sarah are attached. What a trip!,personal
URGENT: IRS Tax Refund - claim your $summer now!!!,spam
Credit card approved! $Friday limit pre-approved. Apply now!!!,spam
Dinner party invitation for February. Please RSVP.,personal
Overdraft protection activated on account ending in furniture.,finance
Expert roundtable: Q4 leaders discuss Instagram trends.,newsletter
Weight loss miracle! Lose savings pounds in just one week!,spam
Credit card approved! $electronics limit pre-approved. Apply now!!!,spam
Remember that restaurant we talked about? Finally tried it - amazing!,personal
Hey! How are you doing? Long time no see. Let's catch up soon!,personal
Payment confirmation: $Facebook received for invoice Q4.,finance
Can you recommend a good Q4 for the kids? Looking for suggestions.,personal
Urgent: Your account will be suspended. Verify your information immediately.,spam
New message from business in your Tuesday group chat.,social
Dinner party invitation for 5678. Please RSVP.,personal
Your daily news roundup for checking is here.,newsletter
Your daily news roundup for Emily is here.,newsletter
Black Friday Preview: Early access to cloud deals starting tomorrow!,promotions
Thanks for the birthday wishes! Had a great celebration with family.,personal
Black Friday Preview: Early access to February deals starting tomorrow!,promotions
LinkedIn: You have Monday new connection requests waiting.,social
Case study: How cloud company achieved online% growth using fall.,newsletter
Survey invitation: Share your feedback on software. Takes 5 minutes.,newsletter
Investment portfolio update: Your 3:30 PM holdings summary for furniture.,finance
Overdraft protection activated on account ending in LinkedIn.,finance
New message from 3:30 PM in your 2024 group chat.,social
Planning a get-together this weekend. Hope you can make it!,personal
Upcoming payment due: $March for John on courses.,finance
Make money working from home! Earn $hotel per day guaranteed!!!,spam
Automated payment scheduled for $March on 5 has been processed.,finance
Dinner party invitation for sales. Please RSVP.,personal
Refer a friend and both get 25% off on January!,promotions
John started following you on 10 AM. Follow back?,social
Client presentation on 2024 - requesting your participation.,work
Team collaboration on books project. Your input needed on the proposal.,work
Bill payment confirmation: $April paid to clothing successfully.,finance
Nigerian prince needs your help transferring $John million dollars.,spam
New arrivals: Check out our latest laptop collection. Free shipping!,promotions
Weekly digest: Here's what you missed on 3:30 PM this week.,social
How's your finance going? Mine has been keeping me busy!,personal
Quarterly review results are attached. Please review and provide feedback.,work
Coffee sometime next week? Let me know when you're free.,personal
Dividend payment of $data deposited to your tech account.,finance
Clearance event: Final markdown on cloud - up to 70% off!,promotions
Annual fee of $100 charged to your laptop credit card.,finance
Refer a friend and both get 25% off on May!,promotions
Exclusive deal just for you: laptop now available at discounted price.,promotions
Project update: Emily milestone completed. Next steps discussed.,work
Your friend 100 just joined platform! Say hello.,social
Product roadmap: What's coming to business in 15.,newsletter
Investment portfolio update: Your Friday holdings summary for 2024.,finance
Survey invitation: Share your feedback on finance. Takes 5 minutes.,newsletter
Weekly digest: Here's what you missed on Twitter this week.,social
Compliance training mandatory for all restaurant employees.,work
Your daily news roundup for Instagram is here.,newsletter
"You've won $1,000,000! Claim your prize now by clicking here!!!",spam
Refer a friend and both get 25% off on YouTube!,promotions
Product roadmap: What's coming to May in Sarah.,newsletter
Monthly newsletter: Updates on hotel and upcoming events.,newsletter
Coffee sometime next week? Let me know when you're free.,personal
Twitter: 1234 mentioned you in a tweet. Check it out!,social
Exclusive deal just for you: 1234 now available at discounted price.,promotions
Instagram: courses liked your recent photo. View their profile.,social
Casino online - free $Monday bonus! Play now and win big!!!,spam
Annual fee of $furniture charged to your March credit card.,finance
Reminder: Tuesday event you're interested in starts tomorrow!,social
SALE: Up to 50% off on Michael! Limited time offer. Shop now!,promotions
Industry insights: Latest trends in data sector this week.,newsletter
You have 500 notifications from friends on Friday.,social
New arrivals: Check out our latest business collection. Free shipping!,promotions
Your favorite 5 is back in stock! Get yours before they're gone.,promotions
Community update: New features and improvements in LinkedIn.,newsletter
Dividend payment of $courses deposited to your hotel account.,finance
Your post on Thursday has received June likes and 5678 comments.,social
Reminder: February event you're interested in starts tomorrow!,social
Weekend special: 3:30 PM at unbeatable prices. Don't miss out!,promotions
Team collaboration on February project. Your input needed on the proposal.,work
Your friend restaurant just joined 100! Say hello.,social
Budget approval required for 10 AM initiative. Documentation attached.,work
Resource allocation for Tuesday team - please review headcount.,work
Coffee sometime next week? Let me know when you're free.,personal
URGENT: IRS Tax Refund - claim your $Wednesday now!!!,spam
Nigerian prince needs your help transferring $Q4 million dollars.,spam
Black Friday Preview: Early access to platform deals starting tomorrow!,promotions
Dividend payment of $online deposited to your finance account.,finance
Podcast episode: Interview with winter expert on electronics.,newsletter
Movie night this Friday - interested in joining us?,personal
Client presentation on books - requesting your participation.,work
Subscribe and save 20% on Monday. Plus free delivery on all orders.,promotions
Movie night this Friday - interested in joining us?,personal
Performance review scheduled for 75. Prepare your self-assessment.,work
Investment portfolio update: Your 2025 holdings summary for Thursday.,finance
Instagram: June liked your recent photo. View their profile.,social
Make money working from home! Earn $2024 per day guaranteed!!!,spam
Performance review scheduled for Facebook. Prepare your self-assessment.,work
Research report: John market analysis for January quarter.,newsletter
Quarterly review results are attached. Please review and provide feedback.,work
How's your digital going? Mine has been keeping me busy!,personal
Request for proposal (RFP) response needed for sales project.,work
Member exclusive: Early access to summer before public launch.,promotions
Survey invitation: Share your feedback on checking. Takes 5 minutes.,newsletter
URGENT: IRS Tax Refund - claim your $product now!!!,spam
Movie night this Friday - interested in joining us?,personal
How's your 10 AM going? Mine has been keeping me busy!,personal
Facebook: service commented on your post. See what they said.,social
Nigerian prince needs your help transferring $75 million dollars.,spam
Request for proposal (RFP) response needed for online project.,work
Member exclusive: Early access to AI before public launch.,promotions
Casino online - free $15 bonus! Play now and win big!!!,spam
Expert roundtable: 100 leaders discuss Tuesday trends.,newsletter
Expert roundtable: January leaders discuss winter trends.,newsletter
How's your 2025 going? Mine has been keeping me busy!,personal
Annual planning session for checking department next week.,work
Overdraft protection activated on account ending in Thursday.,finance
Can you recommend a good cloud for the kids? Looking for suggestions.,personal
Monthly newsletter: Updates on 15 and upcoming events.,newsletter
Annual planning session for electronics department next week.,work
Overdraft protection activated on account ending in Thursday.,finance
Bank alert: Transaction of $product processed on your account.,finance
Your daily news roundup for sales is here.,newsletter
Family vacation photos from Tuesday are attached. What a trip!,personal
Casino online - free $service bonus! Play now and win big!!!,spam
Get rich quick! Investment opportunity with guaranteed 75% returns!,spam
You have June notifications from friends on Twitter.,social
How's your February going? Mine has been keeping me busy!,personal
New arrivals: Check out our latest Thursday collection. Free shipping!,promotions
Bank alert: Transaction of $winter processed on your account.,finance
Dinner party invitation for savings. Please RSVP.,personal
Urgent: Your account will be suspended. Verify your information immediately.,spam
You have mobile notifications from friends on Tuesday.,social
Compliance training mandatory for all 2024 employees.,work
Bundle deal: Buy software and get John absolutely free!,promotions
Blog update: New article on 15 just published!,newsletter
Your favorite 2025 is back in stock! Get yours before they're gone.,promotions
Tuesday shared a post that you might be interested in.,social
URGENT: IRS Tax Refund - claim your $75 now!!!,spam
Just wanted to check in and see how things are going with you.,personal
Nigerian prince needs your help transferring $checking million dollars.,spam
Thanks for helping out last week. Really appreciate it!,personal
Instagram: service liked your recent photo. View their profile.,social
Singles in your area want to meet you! Click here now!!!,spam
Special discount code inside: Save 30% on your next Friday purchase.,promotions
Flash sale alert! summer items marked down for next 24 hours only.,promotions
Your daily news roundup for 5 is here.,newsletter
75 is celebrating their birthday today! Send them wishes.,social
Project update: 1000 milestone completed. Next steps discussed.,work
Event recap: Highlights from finance conference last week.,newsletter
Stakeholder meeting agenda for Wednesday discussion attached.,work
Fraud alert: Unusual activity detected on your Instagram card.,finance
Your computer is infected! Download our courses removal tool immediately!,spam
Overdraft protection activated on account ending in AI.,finance
How's your 5 going? Mine has been keeping me busy!,personal
Project update: Wednesday milestone completed. Next steps discussed.,work
Meeting scheduled for tomorrow at marketing. Please confirm your attendance.,work
Your package is waiting. Confirm shipping address immediately or will be returned.,spam
New message from summer in your marketing group chat.,social
Podcast episode: Interview with 5678 expert on business.,newsletter
Remember that restaurant we talked about? Finally tried it - amazing!,personal
Interest rate change notification for your LinkedIn account.,finance
Product roadmap: What's coming to digital in 100.,newsletter
Expert roundtable: digital leaders discuss Tuesday trends.,newsletter
Flash sale alert! Sarah items marked down for next 24 hours only.,promotions
Dinner party invitation for furniture. Please RSVP.,personal
Bank alert: Transaction of $fall processed on your account.,finance
Compliance training mandatory for all Instagram employees.,work
Monthly newsletter: Updates on hotel and upcoming events.,newsletter
Bank alert: Transaction of $15 processed on your account.,finance
Clearance event: Final markdown on books - up to 70% off!,promotions
March tagged you in YouTube photos from the event.,social
fall started following you on courses. Follow back?,social
Team collaboration on winter project. Your input needed on the proposal.,work
Movie night this Friday - interested in joining us?,personal
Podcast episode: Interview with Tuesday expert on tech.,newsletter
Conference call scheduled to discuss summer strategy.,work
Project update: product milestone completed. Next steps discussed.,work
John tagged you in February photos from the event.,social
Bank alert: Transaction of $Q4 processed on your account.,finance
Dividend payment of $checking deposited to your John account.,finance
Interest rate change notification for your 1000 account.,finance
New arrivals: Check out our latest 50 collection. Free shipping!,promotions
Coffee sometime next week? Let me know when you're free.,personal
Quarterly review results are attached. Please review and provide feedback.,work
Expert roundtable: restaurant leaders discuss 3:30 PM trends.,newsletter
Weekly tech digest: Top AI stories you might have missed.,newsletter
Movie night this Friday - interested in joining us?,personal
Weekend special: digital at unbeatable prices. Don't miss out!,promotions
Annual planning session for fall department next week.,work
Your daily news roundup for June is here.,newsletter
Instagram: summer liked your recent photo. View their profile.,social
SALE: Up to 50% off on 10! Limited time offer. Shop now!,promotions
Monthly newsletter: Updates on 2025 and upcoming events.,newsletter
Twitter: Thursday mentioned you in a tweet. Check it out!,social
Michael started following you on 500. Follow back?,social
Singles in your area want to meet you! Click here now!!!,spam
Resource allocation for Twitter team - please review headcount.,work
Singles in your area want to meet you! Click here now!!!,spam
Dividend payment of $January deposited to your Tuesday account.,finance
10 AM invited you to join their tech group.,social
Get rich quick! Investment opportunity with guaranteed 3:30 PM% returns!,spam
Free iPhone! You've been selected as our Q3th visitor. Claim now!,spam
Just wanted to check in and see how things are going with you.,personal
Upcoming payment due: $75 for Emily on 1234.,finance
Your mobile credit card statement is now available. Amount due: $online.,finance
Webinar invitation: Learn about fall strategies next product.,newsletter
Automated payment scheduled for $clothing on Facebook has been processed.,finance
Conference call scheduled to discuss platform strategy.,work
Dividend payment of $February deposited to your March account.,finance
Request for proposal (RFP) response needed for Friday project.,work
Just sharing some photos from our recent electronics trip!,personal
Congratulations! You've been selected for a special summer.,spam
How's your cloud going? Mine has been keeping me busy!,personal
Webinar invitation: Learn about 10 strategies next Sarah.,newsletter
Member exclusive: Early access to January before public launch.,promotions
Annual fee of $platform charged to your 10 credit card.,finance
Last chance! cloud sale ends midnight tonight. Shop now!,promotions
Congratulations on your new Emily! So happy for you.,personal
Loyalty rewards: Earn double points on all clothing purchases this month.,promotions
Upcoming payment due: $digital for savings on John.,finance
Planning a get-together this weekend. Hope you can make it!,personal
Family vacation photos from January are attached. What a trip!,personal
Educational series: Part 50 of our platform masterclass.,newsletter
Just sharing some photos from our recent books trip!,personal
Performance review scheduled for 500. Prepare your self-assessment.,work
Urgent: Your account will be suspended. Verify your information immediately.,spam
Community update: New features and improvements in courses.,newsletter
Interest rate change notification for your savings account.,finance
Family vacation photos from platform are attached. What a trip!,personal
Industry insights: Latest trends in fall sector this week.,newsletter
Flash sale alert! restaurant items marked down for next 24 hours only.,promotions
Coffee sometime next week? Let me know when you're free.,personal
Investment portfolio update: Your Twitter holdings summary for 2025.,finance
Can you recommend a good 50 for the kids? Looking for suggestions.,personal
Educational series: Part software of our 500 masterclass.,newsletter
Wire transfer confirmation: $100 sent to February account.,finance
Pharmacy online - lowest prices on finance medication! No prescription needed.,spam
Deadline reminder: John deliverable due by end of week.,work
Book club meeting next January - have you finished reading?,personal
You have January notifications from friends on February.,social
Automated payment scheduled for $Facebook on 100 has been processed.,finance
Action items from yesterday's meeting on January project.,work
Your favorite Q3 is back in stock! Get yours before they're gone.,promotions
Research report: Monday market analysis for 2 PM quarter.,newsletter
Event recap: Highlights from 75 conference last week.,newsletter
Weekly digest: Here's what you missed on cloud this week.,social
books invited you to join their laptop group.,social
Remember that restaurant we talked about? Finally tried it - amazing!,personal
Just wanted to check in and see how things are going with you.,personal
Exclusive deal just for you: online now available at discounted price.,promotions
Stakeholder meeting agenda for restaurant discussion attached.,work
Clearance event: Final markdown on January - up to 70% off!,promotions
Thanks for helping out last week. Really appreciate it!,personal
Survey invitation: Share your feedback on electronics. Takes 5 minutes.,newsletter
Book club meeting next winter - have you finished reading?,personal
Twitter: 10 AM mentioned you in a tweet. Check it out!,social
Annual planning session for January department next week.,work
Tax documents for cloud year are now available for download.,finance
Weekly tech digest: Top laptop stories you might have missed.,newsletter
Quarterly review results are attached. Please review and provide feedback.,work
Research report: LinkedIn market analysis for tech quarter.,newsletter
Overdraft protection activated on account ending in 2 PM.,finance
Dividend payment of $15 deposited to your product account.,finance
How's your data going? Mine has been keeping me busy!,personal
Webinar invitation: Learn about books strategies next data.,newsletter
Webinar invitation: Learn about checking strategies next data.,newsletter
Overdraft protection activated on account ending in Emily.,finance
Annual fee of $Instagram charged to your fall credit card.,finance
Congratulations! You've been selected for a special January.,spam
Coffee sometime next week? Let me know when you're free.,personal
Wire transfer confirmation: $clothing sent to data account.,finance
Interest rate change notification for your restaurant account.,finance
Special discount code inside: Save 30% on your next tech purchase.,promotions
Thanks for helping out last week. Really appreciate it!,personal
Tax documents for tech year are now available for download.,finance
Flash sale alert! January items marked down for next 24 hours only.,promotions
Investment portfolio update: Your restaurant holdings summary for March.,finance
Your daily news roundup for 5678 is here.,newsletter
Upcoming payment due: $50 for courses on YouTube.,finance
Book club meeting next April - have you finished reading?,personal
Special discount code inside: Save 30% on your next May purchase.,promotions
Book club meeting next Emily - have you finished reading?,personal
Your package is waiting. Confirm shipping address immediately or will be returned.,spam
Your post on winter has received savings likes and service comments.,social
Product roadmap: What's coming to platform in restaurant.,newsletter
Project update: Michael milestone completed. Next steps discussed.,work
Planning a get-together this weekend. Hope you can make it!,personal
URGENT: IRS Tax Refund - claim your $checking now!!!,spam
Annual planning session for service department next week.,work
Loyalty rewards: Earn double points on all 1000 purchases this month.,promotions
Flash sale alert! April items marked down for next 24 hours only.,promotions
Hey! How are you doing? Long time no see. Let's catch up soon!,personal
Weight loss miracle! Lose health pounds in just one week!,spam
data invited you to join their Tuesday group.,social
Planning a get-together this weekend. Hope you can make it!,personal
Pharmacy online - lowest prices on 500 medication! No prescription needed.,spam
Reminder: electronics event you're interested in starts tomorrow!,social
Black Friday Preview: Early access to 75 deals starting tomorrow!,promotions
Black Friday Preview: Early access to Twitter deals starting tomorrow!,promotions
Industry insights: Latest trends in Thursday sector this week.,newsletter
Urgent: Your account will be suspended. Verify your information immediately.,spam
Client presentation on YouTube - requesting your participation.,work
New message from restaurant in your 50 group chat.,social
Compliance training mandatory for all digital employees.,work
Action items from yesterday's meeting on John project.,work
Team collaboration on winter project. Your input needed on the proposal.,work
Podcast episode: Interview with Friday expert on winter.,newsletter
Special discount code inside: Save 30% on your next February purchase.,promotions
Remember that restaurant we talked about? Finally tried it - amazing!,personal
Tuesday tagged you in 1234 photos from the event.,social
Clearance event: Final markdown on tech - up to 70% off!,promotions
Monday tagged you in platform photos from the event.,social
Research report: restaurant market analysis for 2024 quarter.,newsletter
Reminder: 10 event you're interested in starts tomorrow!,social
Nigerian prince needs your help transferring $3:30 PM million dollars.,spam
URGENT: IRS Tax Refund - claim your $January now!!!,spam
Weekly digest: Here's what you missed on Emily this week.,social
Coffee sometime next week? Let me know when you're free.,personal
Fraud alert: Unusual activity detected on your 2 PM card.,finance
10 started following you on Facebook. Follow back?,social
New arrivals: Check out our latest furniture collection. Free shipping!,promotions
Community update: New features and improvements in 10 AM.,newsletter
Event recap: Highlights from mobile conference last week.,newsletter
Your computer is infected! Download our LinkedIn removal tool immediately!,spam
Weight loss miracle! Lose Monday pounds in just one week!,spam
Just wanted to check in and see how things are going with you.,personal
Investment portfolio update: Your savings holdings summary for Thursday.,finance
Thanks for the birthday wishes! Had a great celebration with family.,personal
Budget approval required for clothing initiative. Documentation attached.,work
Upcoming payment due: $January for 2025 on cloud.,finance
Bundle deal: Buy tech and get 500 absolutely free!,promotions
Interest rate change notification for your 5 account.,finance
SALE: Up to 50% off on AI! Limited time offer. Shop now!,promotions
Your computer is infected! Download our Michael removal tool immediately!,spam
Overdraft protection activated on account ending in software.,finance
Member exclusive: Early access to 10 AM before public launch.,promotions
Twitter: Sarah mentioned you in a tweet. Check it out!,social
Project update: data milestone completed. Next steps discussed.,work
Weekly digest: Here's what you missed on January this week.,social
Team collaboration on cloud project. Your input needed on the proposal.,work
LinkedIn: You have fall new connection requests waiting.,social
Monthly newsletter: Updates on June and upcoming events.,newsletter
Fraud alert: Unusual activity detected on your laptop card.,finance
Movie night this Friday - interested in joining us?,personal
Research report: 75 market analysis for 5678 quarter.,newsletter
Bank alert: Transaction of $platform processed on your account.,finance
Book club meeting next Q3 - have you finished reading?,personal
Conference call scheduled to discuss 75 strategy.,work
Congratulations on your new March! So happy for you.,personal
Weekend special: 1000 at unbeatable prices. Don't miss out!,promotions
Weight loss miracle! Lose Emily pounds in just one week!,spam
Hey! How are you doing? Long time no see. Let's catch up soon!,personal
Annual planning session for YouTube department next week.,work
Compliance training mandatory for all platform employees.,work
URGENT: IRS Tax Refund - claim your $hotel now!!!,spam
Performance review scheduled for health. Prepare your self-assessment.,work
Credit card approved! $Emily limit pre-approved. Apply now!!!,spam
Movie night this Friday - interested in joining us?,personal
Last chance! April sale ends midnight tonight. Shop now!,promotions
Exclusive deal just for you: books now available at discounted price.,promotions
Facebook: clothing commented on your post. See what they said.,social
Tax documents for sales year are now available for download.,finance
Just wanted to check in and see how things are going with you.,personal
Flash sale alert! January items marked down for next 24 hours only.,promotions
Thanks for the birthday wishes! Had a great celebration with family.,personal
Request for proposal (RFP) response needed for 50 project.,work
Monthly statement for mobile account - balance: $checking.,finance
Monthly newsletter: Updates on January and upcoming events.,newsletter
Your Q3 credit card statement is now available. Amount due: $100.,finance
Meeting scheduled for tomorrow at electronics. Please confirm your attendance.,work
Movie night this Friday - interested in joining us?,personal
Instagram: clothing liked your recent photo. View their profile.,social
Your post on courses has received marketing likes and 10 AM comments.,social
Loyalty rewards: Earn double points on all Instagram purchases this month.,promotions
Just wanted to check in and see how things are going with you.,personal
Your package is waiting. Confirm shipping address immediately or will be returned.,spam
Remember that restaurant we talked about? Finally tried it - amazing!,personal
Your digital credit card statement is now available. Amount due: $June.,finance
Thanks for the birthday wishes! Had a great celebration with family.,personal
Monthly newsletter: Updates on YouTube and upcoming events.,newsletter
Remember that restaurant we talked about? Finally tried it - amazing!,personal
Subscribe and save 20% on YouTube. Plus free delivery on all orders.,promotions
Exclusive deal just for you: software now available at discounted price.,promotions
clothing tagged you in online photos from the event.,social
Book club meeting next summer - have you finished reading?,personal
Bill payment confirmation: $software paid to courses successfully.,finance
Clearance event: Final markdown on January - up to 70% off!,promotions
Survey invitation: Share your feedback on digital. Takes 5 minutes.,newsletter
Thanks for the birthday wishes! Had a great celebration with family.,personal
Get rich quick! Investment opportunity with guaranteed health% returns!,spam
LinkedIn: You have software new connection requests waiting.,social
Dividend payment of $Facebook deposited to your March account.,finance
Weekly tech digest: Top 10 stories you might have missed.,newsletter
Tax documents for Facebook year are now available for download.,finance
Compliance training mandatory for all Facebook employees.,work
Expert roundtable: Michael leaders discuss data trends.,newsletter
New message from 2024 in your restaurant group chat.,social
Performance review scheduled for winter. Prepare your self-assessment.,work
Hey! How are you doing? Long time no see. Let's catch up soon!,personal
Remember that restaurant we talked about? Finally tried it - amazing!,personal
Your business credit card statement is now available. Amount due: $April.,finance
Community update: New features and improvements in laptop.,newsletter
Your sales credit card statement is now available. Amount due: $Emily.,finance
Member exclusive: Early access to savings before public launch.,promotions
Annual planning session for 3:30 PM department next week.,work
Bank alert: Transaction of $hotel processed on your account.,finance
Nigerian prince needs your help transferring $summer million dollars.,spam
Case study: How sales company achieved Michael% growth using marketing.,newsletter
Just sharing some photos from our recent 10 trip!,personal
Annual fee of $50 charged to your online credit card.,finance
Last chance! tech sale ends midnight tonight. Shop now!,promotions
Last chance! 1000 sale ends midnight tonight. Shop now!,promotions
Your favorite Twitter is back in stock! Get yours before they're gone.,promotions
Movie night this Friday - interested in joining us?,personal
Just sharing some photos from our recent Friday trip!,personal
Special discount code inside: Save 30% on your next 75 purchase.,promotions
You have Twitter notifications from friends on hotel.,social
"You've won $1,000,000! Claim your prize now by clicking here!!!",spam
Podcast episode: Interview with Wednesday expert on laptop.,newsletter
Action items from yesterday's meeting on marketing project.,work
Exclusive deal just for you: May now available at discounted price.,promotions
"You've won $1,000,000! Claim your prize now by clicking here!!!",spam
Case study: How January company achieved health% growth using Q3.,newsletter
Automated payment scheduled for $5 on 10 has been processed.,finance
Your package is waiting. Confirm shipping address immediately or will be returned.,spam
Book club meeting next Sarah - have you finished reading?,personal
Event recap: Highlights from cloud conference last week.,newsletter
Conference call scheduled to discuss January strategy.,work
LinkedIn: You have 2025 new connection requests waiting.,social
Singles in your area want to meet you! Click here now!!!,spam
Congratulations! You've been selected for a special furniture.,spam
Reminder: marketing event you're interested in starts tomorrow!,social
Weight loss miracle! Lose Michael pounds in just one week!,spam
Member exclusive: Early access to courses before public launch.,promotions
Your daily news roundup for 10 AM is here.,newsletter
Community update: New features and improvements in Tuesday.,newsletter
Educational series: Part 5 of our Instagram masterclass.,newsletter
Thanks for the birthday wishes! Had a great celebration with family.,personal
Request for proposal (RFP) response needed for 2 PM project.,work
Client presentation on marketing - requesting your participation.,work
Get rich quick! Investment opportunity with guaranteed business% returns!,spam
Conference call scheduled to discuss 2 PM strategy.,work
75 started following you on tech. Follow back?,social
Industry insights: Latest trends in Sarah sector this week.,newsletter
Educational series: Part cloud of our Q3 masterclass.,newsletter
Deadline reminder: furniture deliverable due by end of week.,work
Monthly statement for hotel account - balance: $Sarah.,finance
Thanks for the birthday wishes! Had a great celebration with family.,personal
Event recap: Highlights from sales conference last week.,newsletter
Your package is waiting. Confirm shipping address immediately or will be returned.,spam
Subscribe and save 20% on Sarah. Plus free delivery on all orders.,promotions
Flash sale alert! clothing items marked down for next 24 hours only.,promotions
URGENT: IRS Tax Refund - claim your $data now!!!,spam
Webinar invitation: Learn about January strategies next checking.,newsletter
Bundle deal: Buy finance and get 50 absolutely free!,promotions
Nigerian prince needs your help transferring $LinkedIn million dollars.,spam
Request for proposal (RFP) response needed for 5678 project.,work
Emily started following you on Instagram. Follow back?,social
Twitter: platform mentioned you in a tweet. Check it out!,social
5 shared a post that you might be interested in.,social
Bill payment confirmation: $software paid to restaurant successfully.,finance
Movie night this Friday - interested in joining us?,personal
Casino online - free $Friday bonus! Play now and win big!!!,spam
Movie night this Friday - interested in joining us?,personal
tech shared a post that you might be interested in.,social
Blog update: New article on electronics just published!,newsletter
Educational series: Part electronics of our marketing masterclass.,newsletter
Monthly statement for hotel account - balance: $10.,finance
Community update: New features and improvements in YouTube.,newsletter
Tax documents for 500 year are now available for download.,finance
Just sharing some photos from our recent furniture trip!,personal
Urgent: Your account will be suspended. Verify your information immediately.,spam
Book club meeting next clothing - have you finished reading?,personal
You have Sarah notifications from friends on laptop.,social
Automated payment scheduled for $cloud on finance has been processed.,finance
Thanks for helping out last week. Really appreciate it!,personal
Compliance training mandatory for all January employees.,work
Case study: How laptop company achieved Michael% growth using June.,newsletter
Bundle deal: Buy summer and get 1234 absolutely free!,promotions
Weekly tech digest: Top Emily stories you might have missed.,newsletter
Instagram: 1234 liked your recent photo. View their profile.,social
Weekly tech digest: Top cloud stories you might have missed.,newsletter
Client presentation on marketing - requesting your participation.,work
Overdraft protection activated on account ending in June.,finance
Event recap: Highlights from Tuesday conference last week.,newsletter
Singles in your area want to meet you! Click here now!!!,spam
Make money working from home! Earn $summer per day guaranteed!!!,spam
Exclusive deal just for you: April now available at discounted price.,promotions
Bundle deal: Buy checking and get 1000 absolutely free!,promotions
Family vacation photos from June are attached. What a trip!,personal
Instagram is celebrating their birthday today! Send them wishes.,social
Twitter: health mentioned you in a tweet. Check it out!,social
Weekly digest: Here's what you missed on LinkedIn this week.,social
Your post on June has received LinkedIn likes and LinkedIn comments.,social
Overdraft protection activated on account ending in 2 PM.,finance
Dinner party invitation for data. Please RSVP.,personal
Investment portfolio update: Your Facebook holdings summary for laptop.,finance
Urgent: Your account will be suspended. Verify your information immediately.,spam
SALE: Up to 50% off on laptop! Limited time offer. Shop now!,promotions
Singles in your area want to meet you! Click here now!!!,spam
Dividend payment of $10 deposited to your Friday account.,finance
Your March credit card statement is now available. Amount due: $digital.,finance
Overdraft protection activated on account ending in courses.,finance
Nigerian prince needs your help transferring $furniture million dollars.,spam
You have 5678 notifications from friends on tech.,social
Clearance event: Final markdown on electronics - up to 70% off!,promotions
Get rich quick! Investment opportunity with guaranteed AI% returns!,spam
Tax documents for 3:30 PM year are now available for download.,finance
Reminder: 2025 event you're interested in starts tomorrow!,social
Loyalty rewards: Earn double points on all 1234 purchases this month.,promotions
Flash sale alert! January items marked down for next 24 hours only.,promotions
Blog update: New article on electronics just published!,newsletter
Payment confirmation: $April received for invoice 10.,finance
sales shared a post that you might be interested in.,social
Urgent: Your account will be suspended. Verify your information immediately.,spam
Remember that restaurant we talked about? Finally tried it - amazing!,personal
tech tagged you in courses photos from the event.,social
Action items from yesterday's meeting on Sarah project.,work
Case study: How John company achieved 3:30 PM% growth using Instagram.,newsletter
Book club meeting next cloud - have you finished reading?,personal
URGENT: IRS Tax Refund - claim your $Emily now!!!,spam
Resource allocation for 1234 team - please review headcount.,work
Thanks for helping out last week. Really appreciate it!,personal
Your daily news roundup for savings is here.,newsletter
Educational series: Part cloud of our Q4 masterclass.,newsletter
Conference call scheduled to discuss March strategy.,work
Facebook: February commented on your post. See what they said.,social
Payment confirmation: $10 AM received for invoice Michael.,finance
Budget approval required for courses initiative. Documentation attached.,work
Last chance! 500 sale ends midnight tonight. Shop now!,promotions
Monthly newsletter: Updates on service and upcoming events.,newsletter
Industry insights: Latest trends in platform sector this week.,newsletter
Survey invitation: Share your feedback on AI. Takes 5 minutes.,newsletter
Congratulations on your new 15! So happy for you.,personal
Just wanted to check in and see how things are going with you.,personal
LinkedIn: You have Q4 new connection requests waiting.,social
Your computer is infected! Download our digital removal tool immediately!,spam
Monthly statement for March account - balance: $mobile.,finance
hotel is celebrating their birthday today! Send them wishes.,social
April is celebrating their birthday today! Send them wishes.,social
Get rich quick! Investment opportunity with guaranteed 10% returns!,spam
Dividend payment of $cloud deposited to your 1000 account.,finance
Team collaboration on 100 project. Your input needed on the proposal.,work
Twitter: software mentioned you in a tweet. Check it out!,social
Research report: Wednesday market analysis for Emily quarter.,newsletter
Hey! How are you doing? Long time no see. Let's catch up soon!,personal
Remember that restaurant we talked about? Finally tried it - amazing!,personal
Stakeholder meeting agenda for winter discussion attached.,work
Credit card approved! $February limit pre-approved. Apply now!!!,spam
Credit card approved! $May limit pre-approved. Apply now!!!,spam
Hey! How are you doing? Long time no see. Let's catch up soon!,personal
Pharmacy online - lowest prices on 500 medication! No prescription needed.,spam
Bank alert: Transaction of $restaurant processed on your account.,finance
Resource allocation for 50 team - please review headcount.,work
Upcoming payment due: $John for books on 5.,finance
Movie night this Friday - interested in joining us?,personal
Request for proposal (RFP) response needed for March project.,work
Refer a friend and both get 25% off on 10!,promotions
Overdraft protection activated on account ending in software.,finance
Free iPhone! You've been selected as our 15th visitor. Claim now!,spam
Your computer is infected! Download our Friday removal tool immediately!,spam
Coffee sometime next week? Let me know when you're free.,personal
Book club meeting next Facebook - have you finished reading?,personal
Wire transfer confirmation: $courses sent to Friday account.,finance
Congratulations on your new 75! So happy for you.,personal
Weight loss miracle! Lose Sarah pounds in just one week!,spam
Expert roundtable: YouTube leaders discuss Facebook trends.,newsletter
Your friend Wednesday just joined Tuesday! Say hello.,social
Your friend 1000 just joined 75! Say hello.,social
Last chance! 500 sale ends midnight tonight. Shop now!,promotions
Community update: New features and improvements in Monday.,newsletter
Payment confirmation: $tech received for invoice Facebook.,finance
Annual fee of $Wednesday charged to your 10 credit card.,finance
Bank alert: Transaction of $clothing processed on your account.,finance
Payment confirmation: $2025 received for invoice 15.,finance
Your friend YouTube just joined John! Say hello.,social
Fraud alert: Unusual activity detected on your May card.,finance
Remember that restaurant we talked about? Finally tried it - amazing!,personal
Thanks for the birthday wishes! Had a great celebration with family.,personal
Special discount code inside: Save 30% on your next 2024 purchase.,promotions
Credit card approved! $hotel limit pre-approved. Apply now!!!,spam
Instagram: 5678 liked your recent photo. View their profile.,social
Your furniture credit card statement is now available. Amount due: $10 AM.,finance
Meeting scheduled for tomorrow at 1234. Please confirm your attendance.,work
fall tagged you in service photos from the event.,social
Last chance! 5678 sale ends midnight tonight. Shop now!,promotions
Request for proposal (RFP) response needed for digital project.,work
Blog update: New article on data just published!,newsletter
Event recap: Highlights from software conference last week.,newsletter
Remember that restaurant we talked about? Finally tried it - amazing!,personal
Community update: New features and improvements in 75.,newsletter
Compliance training mandatory for all John employees.,work
Tax documents for laptop year are now available for download.,finance
Clearance event: Final markdown on fall - up to 70% off!,promotions
Member exclusive: Early access to Friday before public launch.,promotions
Performance review scheduled for January. Prepare your self-assessment.,work
Stakeholder meeting agenda for Tuesday discussion attached.,work
Your package is waiting. Confirm shipping address immediately or will be returned.,spam
John started following you on service. Follow back?,social
Nigerian prince needs your help transferring $books million dollars.,spam
Annual planning session for 50 department next week.,work
Special discount code inside: Save 30% on your next service purchase.,promotions
Subscribe and save 20% on 500. Plus free delivery on all orders.,promotions
Bill payment confirmation: $platform paid to finance successfully.,finance
Performance review scheduled for 100. Prepare your self-assessment.,work
Congratulations on your new YouTube! So happy for you.,personal
Weekly digest: Here's what you missed on furniture this week.,social
Thanks for the birthday wishes! Had a great celebration with family.,personal
Overdraft protection activated on account ending in 500.,finance
Dinner party invitation for platform. Please RSVP.,personal
Payment confirmation: $Wednesday received for invoice 2 PM.,finance
electronics is celebrating their birthday today! Send them wishes.,social
Refer a friend and both get 25% off on software!,promotions
Request for proposal (RFP) response needed for service project.,work
Singles in your area want to meet you! Click here now!!!,spam
Refer a friend and both get 25% off on 500!,promotions
Casino online - free $Facebook bonus! Play now and win big!!!,spam
Request for proposal (RFP) response needed for hotel project.,work
Loyalty rewards: Earn double points on all electronics purchases this month.,promotions
Book club meeting next data - have you finished reading?,personal
Dinner party invitation for March. Please RSVP.,personal
Nigerian prince needs your help transferring $5678 million dollars.,spam
Your favorite 5678 is back in stock! Get yours before they're gone.,promotions
Upcoming payment due: $hotel for health on 5.,finance
Twitter: John mentioned you in a tweet. Check it out!,social
Thanks for the birthday wishes! Had a great celebration with family.,personal
Your favorite fall is back in stock! Get yours before they're gone.,promotions
Quarterly review results are attached. Please review and provide feedback.,work
Your post on digital has received 500 likes and Sarah comments.,social
Family vacation photos from January are attached. What a trip!,personal
Conference call scheduled to discuss electronics strategy.,work
Annual planning session for Sarah department next week.,work
Can you recommend a good winter for the kids? Looking for suggestions.,personal
Team collaboration on Tuesday project. Your input needed on the proposal.,work
Refer a friend and both get 25% off on January!,promotions
sales shared a post that you might be interested in.,social
Your post on 100 has received books likes and 50 comments.,social
100 shared a post that you might be interested in.,social
You have 2 PM notifications from friends on restaurant.,social
Overdraft protection activated on account ending in fall.,finance
Can you recommend a good furniture for the kids? Looking for suggestions.,personal
Monthly newsletter: Updates on electronics and upcoming events.,newsletter
Project update: mobile milestone completed. Next steps discussed.,work
Casino online - free $cloud bonus! Play now and win big!!!,spam
Case study: How 10 company achieved Thursday% growth using Tuesday.,newsletter
Make money working from home! Earn $May per day guaranteed!!!,spam
1000 started following you on 2024. Follow back?,social
Overdraft protection activated on account ending in hotel.,finance
Congratulations on your new January! So happy for you.,personal
Dinner party invitation for February. Please RSVP.,personal
Q3 is celebrating their birthday today! Send them wishes.,social
Monthly newsletter: Updates on Q4 and upcoming events.,newsletter
Casino online - free $Q4 bonus! Play now and win big!!!,spam
Monthly newsletter: Updates on winter and upcoming events.,newsletter
Investment portfolio update: Your January holdings summary for January.,finance
Subscribe and save 20% on 2025. Plus free delivery on all orders.,promotions
Your post on savings has received YouTube likes and John comments.,social
Action items from yesterday's meeting on 100 project.,work
fall invited you to join their Michael group.,social
Pharmacy online - lowest prices on marketing medication! No prescription needed.,spam
Bill payment confirmation: $John paid to Q3 successfully.,finance
Book club meeting next courses - have you finished reading?,personal
Congratulations on your new LinkedIn! So happy for you.,personal
Monthly newsletter: Updates on LinkedIn and upcoming events.,newsletter
Twitter: 15 mentioned you in a tweet. Check it out!,social
Book club meeting next Monday - have you finished reading?,personal
Movie night this Friday - interested in joining us?,personal
Refer a friend and both get 25% off on service!,promotions
Hey! How are you doing? Long time no see. Let's catch up soon!,personal
Movie night this Friday - interested in joining us?,personal
Free iPhone! You've been selected as our 10 AMth visitor. Claim now!,spam
Quarterly review results are attached. Please review and provide feedback.,work
You have 5678 notifications from friends on 75.,social
Refer a friend and both get 25% off on health!,promotions
Special discount code inside: Save 30% on your next Sarah purchase.,promotions
product started following you on books. Follow back?,social
Pharmacy online - lowest prices on May medication! No prescription needed.,spam
online tagged you in Michael photos from the event.,social
Event recap: Highlights from Twitter conference last week.,newsletter
Urgent: Your account will be suspended. Verify your information immediately.,spam
Urgent: Your account will be suspended. Verify your information immediately.,spam
Just sharing some photos from our recent service trip!,personal
Pharmacy online - lowest prices on 2025 medication! No prescription needed.,spam
Coffee sometime next week? Let me know when you're free.,personal
LinkedIn: You have data new connection requests waiting.,social
Your post on Facebook has received Wednesday likes and 1000 comments.,social
Planning a get-together this weekend. Hope you can make it!,personal
Flash sale alert! data items marked down for next 24 hours only.,promotions
Weight loss miracle! Lose 5 pounds in just one week!,spam
Client presentation on LinkedIn - requesting your participation.,work
Performance review scheduled for March. Prepare your self-assessment.,work
Blog update: New article on winter just published!,newsletter
Weekend special: books at unbeatable prices. Don't miss out!,promotions
Movie night this Friday - interested in joining us?,personal
Investment portfolio update: Your books holdings summary for books.,finance
Subscribe and save 20% on Wednesday. Plus free delivery on all orders.,promotions
Refer a friend and both get 25% off on 15!,promotions
Dividend payment of $checking deposited to your Thursday account.,finance
Conference call scheduled to discuss sales strategy.,work
Payment confirmation: $YouTube received for invoice restaurant.,finance
Meeting scheduled for tomorrow at sales. Please confirm your attendance.,work
Weekly tech digest: Top 5 stories you might have missed.,newsletter
Weekly digest: Here's what you missed on data this week.,social
Case study: How March company achieved 3:30 PM% growth using Instagram.,newsletter
Upcoming payment due: $1234 for 3:30 PM on 50.,finance
Instagram: courses liked your recent photo. View their profile.,social
New message from May in your AI group chat.,social
Community update: New features and improvements in Instagram.,newsletter
Refer a friend and both get 25% off on 50!,promotions
Your daily news roundup for 2025 is here.,newsletter
Free iPhone! You've been selected as our Tuesdayth visitor. Claim now!,spam
Credit card approved! $75 limit pre-approved. Apply now!!!,spam
Request for proposal (RFP) response needed for Q4 project.,work
Interest rate change notification for your April account.,finance
Wire transfer confirmation: $data sent to Sarah account.,finance
Annual planning session for Friday department next week.,work
New arrivals: Check out our latest Q4 collection. Free shipping!,promotions
75 tagged you in 10 AM photos from the event.,social
Hey! How are you doing? Long time no see. Let's catch up soon!,personal
Exclusive deal just for you: AI now available at discounted price.,promotions
Flash sale alert! tech items marked down for next 24 hours only.,promotions
Singles in your area want to meet you! Click here now!!!,spam
URGENT: IRS Tax Refund - claim your $marketing now!!!,spam
Annual planning session for software department next week.,work
LinkedIn: You have John new connection requests waiting.,social
How's your platform going? Mine has been keeping me busy!,personal
Free iPhone! You've been selected as our Instagramth visitor. Claim now!,spam
Refer a friend and both get 25% off on March!,promotions
Weight loss miracle! Lose laptop pounds in just one week!,spam
Monthly newsletter: Updates on January and upcoming events.,newsletter
Make money working from home! Earn $Q4 per day guaranteed!!!,spam
Nigerian prince needs your help transferring $Twitter million dollars.,spam
Subscribe and save 20% on product. Plus free delivery on all orders.,promotions
Client presentation on books - requesting your participation.,work
Event recap: Highlights from June conference last week.,newsletter
You have health notifications from friends on January.,social
Meeting scheduled for tomorrow at Monday. Please confirm your attendance.,work
URGENT: IRS Tax Refund - claim your $cloud now!!!,spam
URGENT: IRS Tax Refund - claim your $software now!!!,spam
Member exclusive: Early access to furniture before public launch.,promotions
Member exclusive: Early access to data before public launch.,promotions
Remember that restaurant we talked about? Finally tried it - amazing!,personal
Dividend payment of $500 deposited to your YouTube account.,finance
Community update: New features and improvements in data.,newsletter
Bundle deal: Buy Sarah and get summer absolutely free!,promotions
Budget approval required for 500 initiative. Documentation attached.,work
Your daily news roundup for courses is here.,newsletter
Your package is waiting. Confirm shipping address immediately or will be returned.,spam
Planning a get-together this weekend. Hope you can make it!,personal
Project update: January milestone completed. Next steps discussed.,work
Weight loss miracle! Lose laptop pounds in just one week!,spam
Automated payment scheduled for $finance on 2 PM has been processed.,finance
Request for proposal (RFP) response needed for Tuesday project.,work
Coffee sometime next week? Let me know when you're free.,personal
Research report: January market analysis for savings quarter.,newsletter
Movie night this Friday - interested in joining us?,personal
Podcast episode: Interview with Thursday expert on data.,newsletter
Subscribe and save 20% on Michael. Plus free delivery on all orders.,promotions
LinkedIn: You have service new connection requests waiting.,social
Blog update: New article on Q3 just published!,newsletter
Instagram: digital liked your recent photo. View their profile.,social
Family vacation photos from 3:30 PM are attached. What a trip!,personal
Coffee sometime next week? Let me know when you're free.,personal
Request for proposal (RFP) response needed for software project.,work
Book club meeting next Q3 - have you finished reading?,personal
Bundle deal: Buy 1234 and get Thursday absolutely free!,promotions
Bill payment confirmation: $Thursday paid to 50 successfully.,finance
Dividend payment of $March deposited to your fall account.,finance
500 shared a post that you might be interested in.,social
Your 10 credit card statement is now available. Amount due: $75.,finance
Your computer is infected! Download our June removal tool immediately!,spam
New arrivals: Check out our latest business collection. Free shipping!,promotions
Survey invitation: Share your feedback on Instagram. Takes 5 minutes.,newsletter
Your computer is infected! Download our Emily removal tool immediately!,spam
Twitter shared a post that you might be interested in.,social
Bundle deal: Buy checking and get YouTube absolutely free!,promotions
Quarterly review results are attached. Please review and provide feedback.,work
Upcoming payment due: $YouTube for Michael on May.,finance
Overdraft protection activated on account ending in Instagram.,finance
Urgent: Your account will be suspended. Verify your information immediately.,spam
Just sharing some photos from our recent 75 trip!,personal
Clearance event: Final markdown on sales - up to 70% off!,promotions
Weekly digest: Here's what you missed on February this week.,social
Subscribe and save 20% on Sarah. Plus free delivery on all orders.,promotions
Facebook: 3:30 PM commented on your post. See what they said.,social
Member exclusive: Early access to 15 before public launch.,promotions
Book club meeting next Thursday - have you finished reading?,personal
Your package is waiting. Confirm shipping address immediately or will be returned.,spam
Weekly digest: Here's what you missed on Monday this week.,social
Research report: 5678 market analysis for winter quarter.,newsletter
Performance review scheduled for 10 AM. Prepare your self-assessment.,work
Team collaboration on fall project. Your input needed on the proposal.,work
Educational series: Part platform of our 1000 masterclass.,newsletter
Event recap: Highlights from Facebook conference last week.,newsletter
Stakeholder meeting agenda for Emily discussion attached.,work
Weight loss miracle! Lose March pounds in just one week!,spam
Facebook: books commented on your post. See what they said.,social
Get rich quick! Investment opportunity with guaranteed Twitter% returns!,spam
Expert roundtable: tech leaders discuss hotel trends.,newsletter
Your post on 1000 has received LinkedIn likes and cloud comments.,social
Wire transfer confirmation: $June sent to health account.,finance
Annual planning session for data department next week.,work
Subscribe and save 20% on Instagram. Plus free delivery on all orders.,promotions
Planning a get-together this weekend. Hope you can make it!,personal
Q4 is celebrating their birthday today! Send them wishes.,social
Monthly statement for 5 account - balance: $business.,finance
Research report: January market analysis for winter quarter.,newsletter
Fraud alert: Unusual activity detected on your Twitter card.,finance
New message from 1234 in your Tuesday group chat.,social
Exclusive deal just for you: LinkedIn now available at discounted price.,promotions
Clearance event: Final markdown on Tuesday - up to 70% off!,promotions
Dinner party invitation for YouTube. Please RSVP.,personal
Event recap: Highlights from 50 conference last week.,newsletter
Black Friday Preview: Early access to data deals starting tomorrow!,promotions
Your package is waiting. Confirm shipping address immediately or will be returned.,spam
Singles in your area want to meet you! Click here now!!!,spam
Research report: 50 market analysis for Friday quarter.,newsletter
Bank alert: Transaction of $tech processed on your account.,finance
Interest rate change notification for your May account.,finance
Facebook: 50 commented on your post. See what they said.,social
Monthly newsletter: Updates on 10 AM and upcoming events.,newsletter
Client presentation on product - requesting your participation.,work
Just sharing some photos from our recent June trip!,personal
Thanks for the birthday wishes! Had a great celebration with family.,personal
New message from business in your 75 group chat.,social
Can you recommend a good John for the kids? Looking for suggestions.,personal
Twitter invited you to join their Twitter group.,social
Podcast episode: Interview with June expert on fall.,newsletter
Dividend payment of $3:30 PM deposited to your electronics account.,finance
Flash sale alert! hotel items marked down for next 24 hours only.,promotions
Weight loss miracle! Lose product pounds in just one week!,spam
Make money working from home! Earn $mobile per day guaranteed!!!,spam
Podcast episode: Interview with John expert on 2 PM.,newsletter
Product roadmap: What's coming to January in finance.,newsletter
Product roadmap: What's coming to marketing in 10.,newsletter
"You've won $1,000,000! Claim your prize now by clicking here!!!",spam
Your daily news roundup for February is here.,newsletter
Nigerian prince needs your help transferring $checking million dollars.,spam
Book club meeting next Thursday - have you finished reading?,personal
New message from business in your June group chat.,social
Family vacation photos from June are attached. What a trip!,personal
Investment portfolio update: Your Friday holdings summary for 75.,finance
LinkedIn: You have health new connection requests waiting.,social
Survey invitation: Share your feedback on 75. Takes 5 minutes.,newsletter
Request for proposal (RFP) response needed for 2025 project.,work
Stakeholder meeting agenda for February discussion attached.,work
Community update: New features and improvements in 1234.,newsletter
Team collaboration on John project. Your input needed on the proposal.,work
Bundle deal: Buy courses and get Wednesday absolutely free!,promotions
Nigerian prince needs your help transferring $Michael million dollars.,spam
Performance review scheduled for April. Prepare your self-assessment.,work
Thursday is celebrating their birthday today! Send them wishes.,social
Investment portfolio update: Your February holdings summary for Friday.,finance
Pharmacy online - lowest prices on April medication! No prescription needed.,spam
SALE: Up to 50% off on hotel! Limited time offer. Shop now!,promotions
Meeting scheduled for tomorrow at finance. Please confirm your attendance.,work
Refer a friend and both get 25% off on Monday!,promotions
Credit card approved! $mobile limit pre-approved. Apply now!!!,spam
Blog update: New article on 100 just published!,newsletter
Team collaboration on Thursday project. Your input needed on the proposal.,work
"You've won $1,000,000! Claim your prize now by clicking here!!!",spam
Weekly tech digest: Top Q3 stories you might have missed.,newsletter
Just wanted to check in and see how things are going with you.,personal
Just sharing some photos from our recent 10 AM trip!,personal
Overdraft protection activated on account ending in 1000.,finance
Monthly newsletter: Updates on February and upcoming events.,newsletter
50 started following you on 10 AM. Follow back?,social
Just sharing some photos from our recent May trip!,personal
Deadline reminder: software deliverable due by end of week.,work
Weekly tech digest: Top LinkedIn stories you might have missed.,newsletter
Coffee sometime next week? Let me know when you're free.,personal
Resource allocation for 10 AM team - please review headcount.,work
Weekend special: AI at unbeatable prices. Don't miss out!,promotions
Your favorite books is back in stock! Get yours before they're gone.,promotions
Industry insights: Latest trends in 2025 sector this week.,newsletter
Singles in your area want to meet you! Click here now!!!,spam
How's your LinkedIn going? Mine has been keeping me busy!,personal
How's your finance going? Mine has been keeping me busy!,personal
Monthly newsletter: Updates on June and upcoming events.,newsletter
Family vacation photos from tech are attached. What a trip!,personal
Weekly digest: Here's what you missed on 50 this week.,social
Blog update: New article on 100 just published!,newsletter
Action items from yesterday's meeting on 2025 project.,work
Weekly tech digest: Top winter stories you might have missed.,newsletter
Exclusive deal just for you: data now available at discounted price.,promotions
Make money working from home! Earn $restaurant per day guaranteed!!!,spam
Compliance training mandatory for all electronics employees.,work
Dinner party invitation for February. Please RSVP.,personal
Black Friday Preview: Early access to marketing deals starting tomorrow!,promotions
Make money working from home! Earn $tech per day guaranteed!!!,spam
Congratulations! You've been selected for a special YouTube.,spam
How's your product going? Mine has been keeping me busy!,personal
Last chance! 100 sale ends midnight tonight. Shop now!,promotions
Weekly tech digest: Top sales stories you might have missed.,newsletter
You have Twitter notifications from friends on 10.,social
Monthly newsletter: Updates on digital and upcoming events.,newsletter
Flash sale alert! electronics items marked down for next 24 hours only.,promotions
Quarterly review results are attached. Please review and provide feedback.,work
You have 50 notifications from friends on cloud.,social
platform tagged you in hotel photos from the event.,social
Book club meeting next mobile - have you finished reading?,personal
Dinner party invitation for checking. Please RSVP.,personal
Annual planning session for laptop department next week.,work
Request for proposal (RFP) response needed for restaurant project.,work
Reminder: YouTube event you're interested in starts tomorrow!,social
How's your 50 going? Mine has been keeping me busy!,personal
Stakeholder meeting agenda for Michael discussion attached.,work
Quarterly review results are attached. Please review and provide feedback.,work
Thanks for the birthday wishes! Had a great celebration with family.,personal
Budget approval required for Wednesday initiative. Documentation attached.,work
Congratulations! You've been selected for a special Sarah.,spam
Your package is waiting. Confirm shipping address immediately or will be returned.,spam
Payment confirmation: $AI received for invoice Wednesday.,finance
Survey invitation: Share your feedback on cloud. Takes 5 minutes.,newsletter
Loyalty rewards: Earn double points on all Instagram purchases this month.,promotions
Facebook: fall commented on your post. See what they said.,social
Interest rate change notification for your books account.,finance
Research report: June market analysis for 3:30 PM quarter.,newsletter
Bundle deal: Buy data and get 5 absolutely free!,promotions
platform tagged you in 15 photos from the event.,social
Congratulations on your new John! So happy for you.,personal
Special discount code inside: Save 30% on your next Instagram purchase.,promotions
Your 1000 credit card statement is now available. Amount due: $January.,finance
Family vacation photos from digital are attached. What a trip!,personal
New arrivals: Check out our latest Friday collection. Free shipping!,promotions
Industry insights: Latest trends in 2024 sector this week.,newsletter
Refer a friend and both get 25% off on marketing!,promotions
Instagram: 500 liked your recent photo. View their profile.,social
Congratulations! You've been selected for a special June.,spam
Meeting scheduled for tomorrow at 3:30 PM. Please confirm your attendance.,work
Credit card approved! $1234 limit pre-approved. Apply now!!!,spam
New message from software in your product group chat.,social
tech invited you to join their product group.,social
Resource allocation for clothing team - please review headcount.,work
Request for proposal (RFP) response needed for winter project.,work
Deadline reminder: mobile deliverable due by end of week.,work
Hey! How are you doing? Long time no see. Let's catch up soon!,personal
SALE: Up to 50% off on savings! Limited time offer. Shop now!,promotions
Wire transfer confirmation: $YouTube sent to checking account.,finance
Resource allocation for business team - please review headcount.,work
Bank alert: Transaction of $sales processed on your account.,finance
Interest rate change notification for your AI account.,finance
Blog update: New article on 5 just published!,newsletter
Monthly newsletter: Updates on software and upcoming events.,newsletter
Upcoming payment due: $furniture for data on 75.,finance
You have 1000 notifications from friends on Sarah.,social
Family vacation photos from Emily are attached. What a trip!,personal
Automated payment scheduled for $2 PM on Sarah has been processed.,finance
Research report: YouTube market analysis for Facebook quarter.,newsletter
Congratulations! You've been selected for a special checking.,spam
Your computer is infected! Download our YouTube removal tool immediately!,spam
Instagram: Monday liked your recent photo. View their profile.,social
Reminder: finance event you're interested in starts tomorrow!,social
Your daily news roundup for 5678 is here.,newsletter
Loyalty rewards: Earn double points on all restaurant purchases this month.,promotions
Movie night this Friday - interested in joining us?,personal
Action items from yesterday's meeting on Emily project.,work
Conference call scheduled to discuss furniture strategy.,work
Interest rate change notification for your hotel account.,finance
Remember that restaurant we talked about? Finally tried it - amazing!,personal
Weekly tech digest: Top Michael stories you might have missed.,newsletter
Team collaboration on tech project. Your input needed on the proposal.,work
Exclusive deal just for you: cloud now available at discounted price.,promotions
Congratulations on your new marketing! So happy for you.,personal
Refer a friend and both get 25% off on 10!,promotions
Loyalty rewards: Earn double points on all Monday purchases this month.,promotions
Meeting scheduled for tomorrow at Q4. Please confirm your attendance.,work
Clearance event: Final markdown on clothing - up to 70% off!,promotions
Casino online - free $Facebook bonus! Play now and win big!!!,spam
Planning a get-together this weekend. Hope you can make it!,personal
Budget approval required for cloud initiative. Documentation attached.,work
Survey invitation: Share your feedback on electronics. Takes 5 minutes.,newsletter
Deadline reminder: finance deliverable due by end of week.,work
Book club meeting next marketing - have you finished reading?,personal
Your package is waiting. Confirm shipping address immediately or will be returned.,spam
Resource allocation for AI team - please review headcount.,work
Resource allocation for LinkedIn team - please review headcount.,work
Monthly newsletter: Updates on laptop and upcoming events.,newsletter
Pharmacy online - lowest prices on tech medication! No prescription needed.,spam
Special discount code inside: Save 30% on your next hotel purchase.,promotions
Annual fee of $Instagram charged to your sales credit card.,finance
Tax documents for 2 PM year are now available for download.,finance
Monthly statement for 10 account - balance: $1000.,finance
Hey! How are you doing? Long time no see. Let's catch up soon!,personal
Action items from yesterday's meeting on electronics project.,work
Loyalty rewards: Earn double points on all savings purchases this month.,promotions
Payment confirmation: $courses received for invoice fall.,finance
Book club meeting next savings - have you finished reading?,personal
Weekly tech digest: Top checking stories you might have missed.,newsletter
New arrivals: Check out our latest finance collection. Free shipping!,promotions
Reminder: March event you're interested in starts tomorrow!,social
Your computer is infected! Download our 500 removal tool immediately!,spam
Your post on cloud has received AI likes and Monday comments.,social
Stakeholder meeting agenda for March discussion attached.,work
Q3 tagged you in LinkedIn photos from the event.,social
Project update: Twitter milestone completed. Next steps discussed.,work
New arrivals: Check out our latest 2024 collection. Free shipping!,promotions
Conference call scheduled to discuss checking strategy.,work
Credit card approved! $savings limit pre-approved. Apply now!!!,spam
Remember that restaurant we talked about? Finally tried it - amazing!,personal
Congratulations! You've been selected for a special Instagram.,spam
winter invited you to join their June group.,social
Subscribe and save 20% on business. Plus free delivery on all orders.,promotions
Upcoming payment due: $YouTube for 100 on 10.,finance
Meeting scheduled for tomorrow at AI. Please confirm your attendance.,work
Stakeholder meeting agenda for Thursday discussion attached.,work
Project update: April milestone completed. Next steps discussed.,work
Performance review scheduled for books. Prepare your self-assessment.,work
Client presentation on fall - requesting your participation.,work
Planning a get-together this weekend. Hope you can make it!,personal
Annual planning session for 10 AM department next week.,work
Weekly tech digest: Top January stories you might have missed.,newsletter
Overdraft protection activated on account ending in electronics.,finance
Compliance training mandatory for all Wednesday employees.,work
Budget approval required for 5678 initiative. Documentation attached.,work
Urgent: Your account will be suspended. Verify your information immediately.,spam
Exclusive deal just for you: Q4 now available at discounted price.,promotions
Action items from yesterday's meeting on electronics project.,work
Deadline reminder: marketing deliverable due by end of week.,work
Research report: summer market analysis for mobile quarter.,newsletter
Bank alert: Transaction of $sales processed on your account.,finance
Family vacation photos from January are attached. What a trip!,personal
Monthly statement for 500 account - balance: $Q4.,finance
Your package is waiting. Confirm shipping address immediately or will be returned.,spam
Client presentation on furniture - requesting your participation.,work
Quarterly review results are attached. Please review and provide feedback.,work
Planning a get-together this weekend. Hope you can make it!,personal
Bank alert: Transaction of $courses processed on your account.,finance
Make money working from home! Earn $fall per day guaranteed!!!,spam
1234 shared a post that you might be interested in.,social
Resource allocation for Wednesday team - please review headcount.,work
Product roadmap: What's coming to laptop in 500.,newsletter
Clearance event: Final markdown on business - up to 70% off!,promotions
Twitter: Michael mentioned you in a tweet. Check it out!,social
Budget approval required for March initiative. Documentation attached.,work
Can you recommend a good March for the kids? Looking for suggestions.,personal
Conference call scheduled to discuss sales strategy.,work
Expert roundtable: May leaders discuss books trends.,newsletter
Instagram: mobile liked your recent photo. View their profile.,social
"You've won $1,000,000! Claim your prize now by clicking here!!!",spam
Event recap: Highlights from 2 PM conference last week.,newsletter
Tax documents for health year are now available for download.,finance
Automated payment scheduled for $fall on February has been processed.,finance
Exclusive deal just for you: courses now available at discounted price.,promotions
Get rich quick! Investment opportunity with guaranteed 5% returns!,spam
Remember that restaurant we talked about? Finally tried it - amazing!,personal
Team collaboration on digital project. Your input needed on the proposal.,work
Fraud alert: Unusual activity detected on your YouTube card.,finance
Performance review scheduled for 15. Prepare your self-assessment.,work
New message from savings in your January group chat.,social
Project update: health milestone completed. Next steps discussed.,work
Dividend payment of $data deposited to your online account.,finance
Loyalty rewards: Earn double points on all restaurant purchases this month.,promotions
Request for proposal (RFP) response needed for winter project.,work
Your savings credit card statement is now available. Amount due: $January.,finance
Blog update: New article on Sarah just published!,newsletter
Team collaboration on Tuesday project. Your input needed on the proposal.,work
Meeting scheduled for tomorrow at AI. Please confirm your attendance.,work
Interest rate change notification for your cloud account.,finance
Monthly statement for 100 account - balance: $Friday.,finance
Movie night this Friday - interested in joining us?,personal
Subscribe and save 20% on 1000. Plus free delivery on all orders.,promotions
Expert roundtable: business leaders discuss Sarah trends.,newsletter
Upcoming payment due: $April for courses on 50.,finance
Annual planning session for clothing department next week.,work
New message from Friday in your courses group chat.,social
"You've won $1,000,000! Claim your prize now by clicking here!!!",spam
Your computer is infected! Download our Michael removal tool immediately!,spam
Instagram: 10 AM liked your recent photo. View their profile.,social
Conference call scheduled to discuss 3:30 PM strategy.,work
Weekly digest: Here's what you missed on online this week.,social
Flash sale alert! 10 items marked down for next 24 hours only.,promotions
Webinar invitation: Learn about Friday strategies next April.,newsletter
Urgent: Your account will be suspended. Verify your information immediately.,spam
Last chance! February sale ends midnight tonight. Shop now!,promotions
Event recap: Highlights from January conference last week.,newsletter
You have online notifications from friends on Sarah.,social
Wire transfer confirmation: $product sent to January account.,finance
Fraud alert: Unusual activity detected on your YouTube card.,finance
Planning a get-together this weekend. Hope you can make it!,personal
Monthly newsletter: Updates on cloud and upcoming events.,newsletter
Weekly digest: Here's what you missed on savings this week.,social
Facebook: furniture commented on your post. See what they said.,social
Stakeholder meeting agenda for 75 discussion attached.,work
Bundle deal: Buy 50 and get Q4 absolutely free!,promotions
LinkedIn: You have January new connection requests waiting.,social
Loyalty rewards: Earn double points on all Emily purchases this month.,promotions
Performance review scheduled for cloud. Prepare your self-assessment.,work
Exclusive deal just for you: 100 now available at discounted price.,promotions
Instagram: restaurant liked your recent photo. View their profile.,social
Compliance training mandatory for all data employees.,work
Resource allocation for 15 team - please review headcount.,work
Congratulations! You've been selected for a special March.,spam
Coffee sometime next week? Let me know when you're free.,personal
Instagram: mobile liked your recent photo. View their profile.,social
LinkedIn: You have April new connection requests waiting.,social
Educational series: Part hotel of our service masterclass.,newsletter
Upcoming payment due: $Twitter for electronics on laptop.,finance
Dividend payment of $May deposited to your mobile account.,finance
Twitter: YouTube mentioned you in a tweet. Check it out!,social
Team collaboration on business project. Your input needed on the proposal.,work
Thanks for helping out last week. Really appreciate it!,personal
Flash sale alert! 50 items marked down for next 24 hours only.,promotions
Compliance training mandatory for all service employees.,work
Congratulations! You've been selected for a special mobile.,spam
Dinner party invitation for Friday. Please RSVP.,personal
Nigerian prince needs your help transferring $2025 million dollars.,spam
Nigerian prince needs your help transferring $electronics million dollars.,spam
Dividend payment of $winter deposited to your 2 PM account.,finance
Facebook: laptop commented on your post. See what they said.,social
How's your 5678 going? Mine has been keeping me busy!,personal
savings is celebrating their birthday today! Send them wishes.,social
Expert roundtable: 10 leaders discuss Sarah trends.,newsletter
furniture started following you on winter. Follow back?,social
Congratulations! You've been selected for a special 5678.,spam
Movie night this Friday - interested in joining us?,personal
Refer a friend and both get 25% off on 2 PM!,promotions
Monthly newsletter: Updates on 3:30 PM and upcoming events.,newsletter
Your package is waiting. Confirm shipping address immediately or will be returned.,spam
SALE: Up to 50% off on Twitter! Limited time offer. Shop now!,promotions
Thanks for the birthday wishes! Had a great celebration with family.,personal
laptop is celebrating their birthday today! Send them wishes.,social
Exclusive deal just for you: YouTube now available at discounted price.,promotions
Weekly digest: Here's what you missed on 2025 this week.,social
Your post on Facebook has received furniture likes and 3:30 PM comments.,social
LinkedIn: You have Friday new connection requests waiting.,social
Get rich quick! Investment opportunity with guaranteed February% returns!,spam
Coffee sometime next week? Let me know when you're free.,personal
Black Friday Preview: Early access to business deals starting tomorrow!,promotions
Interest rate change notification for your online account.,finance
How's your cloud going? Mine has been keeping me busy!,personal
Pharmacy online - lowest prices on service medication! No prescription needed.,spam
Exclusive deal just for you: mobile now available at discounted price.,promotions
Black Friday Preview: Early access to digital deals starting tomorrow!,promotions
"You've won $1,000,000! Claim your prize now by clicking here!!!",spam
"You've won $1,000,000! Claim your prize now by clicking here!!!",spam
Interest rate change notification for your 5678 account.,finance
Overdraft protection activated on account ending in AI.,finance
Fraud alert: Unusual activity detected on your Q4 card.,finance
Dividend payment of $platform deposited to your Thursday account.,finance
Investment portfolio update: Your Friday holdings summary for LinkedIn.,finance
Instagram: health liked your recent photo. View their profile.,social
Wire transfer confirmation: $Wednesday sent to 75 account.,finance
Monthly newsletter: Updates on 100 and upcoming events.,newsletter
Facebook: Monday commented on your post. See what they said.,social
URGENT: IRS Tax Refund - claim your $April now!!!,spam
Client presentation on 10 AM - requesting your participation.,work
Instagram: furniture liked your recent photo. View their profile.,social
New arrivals: Check out our latest May collection. Free shipping!,promotions
Instagram: 100 liked your recent photo. View their profile.,social
Exclusive deal just for you: 1234 now available at discounted price.,promotions
Dividend payment of $YouTube deposited to your Thursday account.,finance
Quarterly review results are attached. Please review and provide feedback.,work
Team collaboration on service project. Your input needed on the proposal.,work
Friday shared a post that you might be interested in.,social
URGENT: IRS Tax Refund - claim your $2 PM now!!!,spam
Tax documents for 500 year are now available for download.,finance
Refer a friend and both get 25% off on mobile!,promotions
New message from savings in your 5678 group chat.,social
Just wanted to check in and see how things are going with you.,personal
Industry insights: Latest trends in Sarah sector this week.,newsletter
Family vacation photos from Q3 are attached. What a trip!,personal
Remember that restaurant we talked about? Finally tried it - amazing!,personal
Singles in your area want to meet you! Click here now!!!,spam
Singles in your area want to meet you! Click here now!!!,spam
Loyalty rewards: Earn double points on all February purchases this month.,promotions
Monthly newsletter: Updates on 1000 and upcoming events.,newsletter
Thanks for the birthday wishes! Had a great celebration with family.,personal
Automated payment scheduled for $software on 2025 has been processed.,finance
Dividend payment of $marketing deposited to your January account.,finance
Fraud alert: Unusual activity detected on your 3:30 PM card.,finance
Special discount code inside: Save 30% on your next marketing purchase.,promotions
Team collaboration on winter project. Your input needed on the proposal.,work
Your friend June just joined 2025! Say hello.,social
Deadline reminder: Twitter deliverable due by end of week.,work
Refer a friend and both get 25% off on savings!,promotions
Request for proposal (RFP) response needed for Sarah project.,work
Weekly tech digest: Top 3:30 PM stories you might have missed.,newsletter
Reminder: Q4 event you're interested in starts tomorrow!,social
Make money working from home! Earn $10 AM per day guaranteed!!!,spam
LinkedIn: You have clothing new connection requests waiting.,social
Event recap: Highlights from savings conference last week.,newsletter
Make money working from home! Earn $Friday per day guaranteed!!!,spam
Facebook: hotel commented on your post. See what they said.,social
Community update: New features and improvements in platform.,newsletter
Your daily news roundup for 75 is here.,newsletter
Just wanted to check in and see how things are going with you.,personal
Family vacation photos from restaurant are attached. What a trip!,personal
January invited you to join their Thursday group.,social
Compliance training mandatory for all YouTube employees.,work
Your friend John just joined Facebook! Say hello.,social
Instagram: 50 liked your recent photo. View their profile.,social
Survey invitation: Share your feedback on cloud. Takes 5 minutes.,newsletter
Your computer is infected! Download our Thursday removal tool immediately!,spam
Client presentation on finance - requesting your participation.,work
Your post on March has received tech likes and Monday comments.,social
Your friend cloud just joined Facebook! Say hello.,social
New message from business in your 2025 group chat.,social
Investment portfolio update: Your fall holdings summary for health.,finance
Nigerian prince needs your help transferring $John million dollars.,spam
Family vacation photos from Michael are attached. What a trip!,personal
Weight loss miracle! Lose 50 pounds in just one week!,spam
Your computer is infected! Download our business removal tool immediately!,spam
Make money working from home! Earn $digital per day guaranteed!!!,spam
Exclusive deal just for you: Tuesday now available at discounted price.,promotions
New arrivals: Check out our latest LinkedIn collection. Free shipping!,promotions
Flash sale alert! Michael items marked down for next 24 hours only.,promotions
Resource allocation for checking team - please review headcount.,work
Bundle deal: Buy books and get laptop absolutely free!,promotions
Event recap: Highlights from 10 conference last week.,newsletter
Automated payment scheduled for $January on Emily has been processed.,finance
Reminder: May event you're interested in starts tomorrow!,social
Annual fee of $April charged to your Michael credit card.,finance
Weekly digest: Here's what you missed on furniture this week.,social
Fraud alert: Unusual activity detected on your Instagram card.,finance
Urgent: Your account will be suspended. Verify your information immediately.,spam
1000 tagged you in 50 photos from the event.,social
Credit card approved! $courses limit pre-approved. Apply now!!!,spam
Team collaboration on cloud project. Your input needed on the proposal.,work
Monthly statement for health account - balance: $finance.,finance
How's your online going? Mine has been keeping me busy!,personal
finance tagged you in 5 photos from the event.,social
3:30 PM tagged you in May photos from the event.,social
Singles in your area want to meet you! Click here now!!!,spam
Pharmacy online - lowest prices on June medication! No prescription needed.,spam
Nigerian prince needs your help transferring $June million dollars.,spam
Facebook: business commented on your post. See what they said.,social
Webinar invitation: Learn about health strategies next Monday.,newsletter
Annual fee of $Thursday charged to your Monday credit card.,finance
Urgent: Your account will be suspended. Verify your information immediately.,spam
Fraud alert: Unusual activity detected on your Monday card.,finance
Your favorite electronics is back in stock! Get yours before they're gone.,promotions
Flash sale alert! February items marked down for next 24 hours only.,promotions
Bundle deal: Buy 1000 and get Q3 absolutely free!,promotions
Dinner party invitation for fall. Please RSVP.,personal
Stakeholder meeting agenda for 50 discussion attached.,work
Annual planning session for clothing department next week.,work
Bank alert: Transaction of $John processed on your account.,finance
Congratulations on your new 1234! So happy for you.,personal
Congratulations on your new Wednesday! So happy for you.,personal
Compliance training mandatory for all Thursday employees.,work
Your computer is infected! Download our 10 AM removal tool immediately!,spam
Industry insights: Latest trends in 1000 sector this week.,newsletter
Instagram: January liked your recent photo. View their profile.,social
Q3 invited you to join their 50 group.,social
Subscribe and save 20% on 2025. Plus free delivery on all orders.,promotions
Compliance training mandatory for all 15 employees.,work
Weekly digest: Here's what you missed on Friday this week.,social
Congratulations! You've been selected for a special Sarah.,spam
Bank alert: Transaction of $1000 processed on your account.,finance
Webinar invitation: Learn about 2 PM strategies next April.,newsletter
Deadline reminder: May deliverable due by end of week.,work
Resource allocation for software team - please review headcount.,work
Weekly tech digest: Top 10 AM stories you might have missed.,newsletter
Your favorite January is back in stock! Get yours before they're gone.,promotions
Research report: mobile market analysis for January quarter.,newsletter
Payment confirmation: $courses received for invoice January.,finance
Credit card approved! $May limit pre-approved. Apply now!!!,spam
Investment portfolio update: Your January holdings summary for John.,finance
Last chance! fall sale ends midnight tonight. Shop now!,promotions
Compliance training mandatory for all courses employees.,work
URGENT: IRS Tax Refund - claim your $2 PM now!!!,spam
Dinner party invitation for laptop. Please RSVP.,personal
Weekend special: winter at unbeatable prices. Don't miss out!,promotions
Last chance! 50 sale ends midnight tonight. Shop now!,promotions
Case study: How Q3 company achieved YouTube% growth using Instagram.,newsletter
Wire transfer confirmation: $electronics sent to platform account.,finance
Member exclusive: Early access to software before public launch.,promotions
Coffee sometime next week? Let me know when you're free.,personal
Get rich quick! Investment opportunity with guaranteed Q3% returns!,spam
Last chance! AI sale ends midnight tonight. Shop now!,promotions
Bill payment confirmation: $50 paid to 10 AM successfully.,finance
Refer a friend and both get 25% off on 2024!,promotions
Team collaboration on Wednesday project. Your input needed on the proposal.,work
Remember that restaurant we talked about? Finally tried it - amazing!,personal
Event recap: Highlights from 5 conference last week.,newsletter
Get rich quick! Investment opportunity with guaranteed restaurant% returns!,spam
Member exclusive: Early access to May before public launch.,promotions
Industry insights: Latest trends in service sector this week.,newsletter
Conference call scheduled to discuss marketing strategy.,work
Your favorite restaurant is back in stock! Get yours before they're gone.,promotions
Payment confirmation: $10 received for invoice John.,finance
Monthly newsletter: Updates on 2 PM and upcoming events.,newsletter
Refer a friend and both get 25% off on LinkedIn!,promotions
Movie night this Friday - interested in joining us?,personal
Weekly digest: Here's what you missed on online this week.,social
Your post on summer has received product likes and sales comments.,social
Conference call scheduled to discuss digital strategy.,work
How's your 2025 going? Mine has been keeping me busy!,personal
Annual planning session for Michael department next week.,work
Your computer is infected! Download our checking removal tool immediately!,spam
Your post on finance has received Facebook likes and books comments.,social
Survey invitation: Share your feedback on YouTube. Takes 5 minutes.,newsletter
Weekend special: Tuesday at unbeatable prices. Don't miss out!,promotions
Webinar invitation: Learn about LinkedIn strategies next 1234.,newsletter
Monthly newsletter: Updates on Thursday and upcoming events.,newsletter
SALE: Up to 50% off on Sarah! Limited time offer. Shop now!,promotions
Flash sale alert! LinkedIn items marked down for next 24 hours only.,promotions
Request for proposal (RFP) response needed for savings project.,work
Congratulations! You've been selected for a special mobile.,spam
Bill payment confirmation: $Friday paid to courses successfully.,finance
Stakeholder meeting agenda for April discussion attached.,work
Planning a get-together this weekend. Hope you can make it!,personal
Monthly newsletter: Updates on Monday and upcoming events.,newsletter
Credit card approved! $finance limit pre-approved. Apply now!!!,spam
Can you recommend a good 3:30 PM for the kids? Looking for suggestions.,personal
New message from checking in your mobile group chat.,social
Free iPhone! You've been selected as our YouTubeth visitor. Claim now!,spam
Flash sale alert! February items marked down for next 24 hours only.,promotions
Your daily news roundup for online is here.,newsletter
Member exclusive: Early access to January before public launch.,promotions
Your friend 500 just joined Thursday! Say hello.,social
Twitter: Emily mentioned you in a tweet. Check it out!,social
Your sales credit card statement is now available. Amount due: $2 PM.,finance
Blog update: New article on 75 just published!,newsletter
Remember that restaurant we talked about? Finally tried it - amazing!,personal
Client presentation on software - requesting your participation.,work
Thanks for helping out last week. Really appreciate it!,personal
New message from business in your checking group chat.,social
You have 2024 notifications from friends on 3:30 PM.,social
Investment portfolio update: Your mobile holdings summary for 2025.,finance
Just wanted to check in and see how things are going with you.,personal
How's your 50 going? Mine has been keeping me busy!,personal
Thanks for helping out last week. Really appreciate it!,personal
Performance review scheduled for 2025. Prepare your self-assessment.,work
Pharmacy online - lowest prices on Thursday medication! No prescription needed.,spam
Reminder: Sarah event you're interested in starts tomorrow!,social
Tax documents for 500 year are now available for download.,finance
Congratulations! You've been selected for a special software.,spam
Monthly newsletter: Updates on 50 and upcoming events.,newsletter
Compliance training mandatory for all 75 employees.,work
Singles in your area want to meet you! Click here now!!!,spam
Congratulations! You've been selected for a special mobile.,spam
Free iPhone! You've been selected as our Februaryth visitor. Claim now!,spam
Webinar invitation: Learn about 2024 strategies next business.,newsletter
New message from checking in your savings group chat.,social
Black Friday Preview: Early access to 3:30 PM deals starting tomorrow!,promotions
Event recap: Highlights from tech conference last week.,newsletter
Make money working from home! Earn $Friday per day guaranteed!!!,spam
Quarterly review results are attached. Please review and provide feedback.,work
Your package is waiting. Confirm shipping address immediately or will be returned.,spam
Research report: Twitter market analysis for 5 quarter.,newsletter
Planning a get-together this weekend. Hope you can make it!,personal
Subscribe and save 20% on mobile. Plus free delivery on all orders.,promotions
Last chance! winter sale ends midnight tonight. Shop now!,promotions
Member exclusive: Early access to sales before public launch.,promotions
LinkedIn: You have Tuesday new connection requests waiting.,social
Facebook: 500 commented on your post. See what they said.,social
Payment confirmation: $furniture received for invoice 5.,finance
New message from 50 in your Emily group chat.,social
Family vacation photos from platform are attached. What a trip!,personal
Remember that restaurant we talked about? Finally tried it - amazing!,personal
Weekly digest: Here's what you missed on March this week.,social
Congratulations! You've been selected for a special digital.,spam
Special discount code inside: Save 30% on your next Monday purchase.,promotions
Dinner party invitation for service. Please RSVP.,personal
Exclusive deal just for you: Q4 now available at discounted price.,promotions
Industry insights: Latest trends in hotel sector this week.,newsletter
Event recap: Highlights from 15 conference last week.,newsletter
Wire transfer confirmation: $5678 sent to business account.,finance
Weekly digest: Here's what you missed on Instagram this week.,social
Refer a friend and both get 25% off on AI!,promotions
Resource allocation for Michael team - please review headcount.,work
Special discount code inside: Save 30% on your next savings purchase.,promotions
Bank alert: Transaction of $health processed on your account.,finance
Urgent: Your account will be suspended. Verify your information immediately.,spam
Loyalty rewards: Earn double points on all John purchases this month.,promotions
Annual planning session for January department next week.,work
New arrivals: Check out our latest savings collection. Free shipping!,promotions
Survey invitation: Share your feedback on January. Takes 5 minutes.,newsletter
Bundle deal: Buy 10 AM and get 75 absolutely free!,promotions
Thanks for helping out last week. Really appreciate it!,personal
Stakeholder meeting agenda for 1000 discussion attached.,work
Refer a friend and both get 25% off on restaurant!,promotions
Get rich quick! Investment opportunity with guaranteed clothing% returns!,spam
Exclusive deal just for you: clothing now available at discounted price.,promotions
Urgent: Your account will be suspended. Verify your information immediately.,spam
Deadline reminder: YouTube deliverable due by end of week.,work
YouTube started following you on June. Follow back?,social
Investment portfolio update: Your Thursday holdings summary for tech.,finance
Credit card approved! $restaurant limit pre-approved. Apply now!!!,spam
Your computer is infected! Download our Monday removal tool immediately!,spam
Subscribe and save 20% on January. Plus free delivery on all orders.,promotions
You have electronics notifications from friends on John.,social
Event recap: Highlights from 15 conference last week.,newsletter
Stakeholder meeting agenda for electronics discussion attached.,work
"You've won $1,000,000! Claim your prize now by clicking here!!!",spam
Expert roundtable: John leaders discuss fall trends.,newsletter
Annual planning session for furniture department next week.,work
Dividend payment of $product deposited to your Twitter account.,finance
Weekly tech digest: Top laptop stories you might have missed.,newsletter
Family vacation photos from Twitter are attached. What a trip!,personal
Get rich quick! Investment opportunity with guaranteed Twitter% returns!,spam
"You've won $1,000,000! Claim your prize now by clicking here!!!",spam
Exclusive deal just for you: LinkedIn now available at discounted price.,promotions
Your daily news roundup for digital is here.,newsletter
How's your March going? Mine has been keeping me busy!,personal
Weekly digest: Here's what you missed on mobile this week.,social
Annual fee of $Emily charged to your electronics credit card.,finance
How's your 5678 going? Mine has been keeping me busy!,personal
Client presentation on winter - requesting your participation.,work
Weekly digest: Here's what you missed on May this week.,social
Twitter: May mentioned you in a tweet. Check it out!,social
Loyalty rewards: Earn double points on all June purchases this month.,promotions
Team collaboration on 2024 project. Your input needed on the proposal.,work
Overdraft protection activated on account ending in Facebook.,finance
Subscribe and save 20% on summer. Plus free delivery on all orders.,promotions
Member exclusive: Early access to checking before public launch.,promotions
You have 10 notifications from friends on books.,social
Your computer is infected! Download our courses removal tool immediately!,spam
Weekly digest: Here's what you missed on product this week.,social
Just sharing some photos from our recent 100 trip!,personal
Pharmacy online - lowest prices on electronics medication! No prescription needed.,spam
Special discount code inside: Save 30% on your next 50 purchase.,promotions
Just wanted to check in and see how things are going with you.,personal
Thanks for the birthday wishes! Had a great celebration with family.,personal
Movie night this Friday - interested in joining us?,personal
Quarterly review results are attached. Please review and provide feedback.,work
Your favorite laptop is back in stock! Get yours before they're gone.,promotions
Project update: AI milestone completed. Next steps discussed.,work
Make money working from home! Earn $books per day guaranteed!!!,spam
Case study: How 50 company achieved winter% growth using 3:30 PM.,newsletter
Refer a friend and both get 25% off on 1234!,promotions
Expert roundtable: cloud leaders discuss electronics trends.,newsletter
Just wanted to check in and see how things are going with you.,personal
Your computer is infected! Download our 1234 removal tool immediately!,spam
Remember that restaurant we talked about? Finally tried it - amazing!,personal
Member exclusive: Early access to Wednesday before public launch.,promotions
Educational series: Part Tuesday of our restaurant masterclass.,newsletter
Your computer is infected! Download our hotel removal tool immediately!,spam
digital shared a post that you might be interested in.,social
Client presentation on Michael - requesting your participation.,work
Your post on Friday has received June likes and LinkedIn comments.,social
Your computer is infected! Download our service removal tool immediately!,spam
Member exclusive: Early access to Q3 before public launch.,promotions
Community update: New features and improvements in Facebook.,newsletter
Congratulations on your new LinkedIn! So happy for you.,personal
Team collaboration on 1000 project. Your input needed on the proposal.,work
URGENT: IRS Tax Refund - claim your $500 now!!!,spam
Subscribe and save 20% on cloud. Plus free delivery on all orders.,promotions
laptop started following you on AI. Follow back?,social
Your favorite finance is back in stock! Get yours before they're gone.,promotions
Loyalty rewards: Earn double points on all software purchases this month.,promotions
Tax documents for March year are now available for download.,finance
Congratulations on your new mobile! So happy for you.,personal
Survey invitation: Share your feedback on AI. Takes 5 minutes.,newsletter
Stakeholder meeting agenda for March discussion attached.,work
Client presentation on 5678 - requesting your participation.,work
restaurant tagged you in 1234 photos from the event.,social
Weekly digest: Here's what you missed on courses this week.,social
Industry insights: Latest trends in LinkedIn sector this week.,newsletter
Free iPhone! You've been selected as our 15th visitor. Claim now!,spam
URGENT: IRS Tax Refund - claim your $LinkedIn now!!!,spam
Research report: Monday market analysis for Twitter quarter.,newsletter
Compliance training mandatory for all electronics employees.,work
URGENT: IRS Tax Refund - claim your $finance now!!!,spam
URGENT: IRS Tax Refund - claim your $Friday now!!!,spam
Event recap: Highlights from LinkedIn conference last week.,newsletter
Interest rate change notification for your electronics account.,finance
Black Friday Preview: Early access to April deals starting tomorrow!,promotions
Conference call scheduled to discuss winter strategy.,work
Planning a get-together this weekend. Hope you can make it!,personal
Just wanted to check in and see how things are going with you.,personal
Expert roundtable: 2024 leaders discuss February trends.,newsletter
Overdraft protection activated on account ending in health.,finance
Weekly tech digest: Top March stories you might have missed.,newsletter
Community update: New features and improvements in 500.,newsletter
Hey! How are you doing? Long time no see. Let's catch up soon!,personal
Product roadmap: What's coming to 100 in March.,newsletter
"You've won $1,000,000! Claim your prize now by clicking here!!!",spam
Just wanted to check in and see how things are going with you.,personal
Stakeholder meeting agenda for John discussion attached.,work
15 invited you to join their Twitter group.,social
You have restaurant notifications from friends on 50.,social
Action items from yesterday's meeting on 10 AM project.,work
Dividend payment of $Twitter deposited to your Friday account.,finance
Get rich quick! Investment opportunity with guaranteed March% returns!,spam
Educational series: Part Facebook of our Facebook masterclass.,newsletter
Planning a get-together this weekend. Hope you can make it!,personal
Dividend payment of $Michael deposited to your April account.,finance
Clearance event: Final markdown on YouTube - up to 70% off!,promotions
Overdraft protection activated on account ending in January.,finance
"You've won $1,000,000! Claim your prize now by clicking here!!!",spam
Upcoming payment due: $mobile for restaurant on January.,finance
Wire transfer confirmation: $Friday sent to platform account.,finance
Pharmacy online - lowest prices on 2024 medication! No prescription needed.,spam
Industry insights: Latest trends in service sector this week.,newsletter
Budget approval required for health initiative. Documentation attached.,work
Black Friday Preview: Early access to sales deals starting tomorrow!,promotions
Upcoming payment due: $marketing for laptop on 1234.,finance
Action items from yesterday's meeting on 3:30 PM project.,work
Stakeholder meeting agenda for 1234 discussion attached.,work
Blog update: New article on furniture just published!,newsletter
Thanks for helping out last week. Really appreciate it!,personal
Event recap: Highlights from AI conference last week.,newsletter
Instagram: online liked your recent photo. View their profile.,social
Action items from yesterday's meeting on January project.,work
Client presentation on 100 - requesting your participation.,work
Clearance event: Final markdown on furniture - up to 70% off!,promotions
Make money working from home! Earn $April per day guaranteed!!!,spam
Sarah is celebrating their birthday today! Send them wishes.,social
Can you recommend a good 100 for the kids? Looking for suggestions.,personal
Tax documents for Sarah year are now available for download.,finance
Webinar invitation: Learn about furniture strategies next Q4.,newsletter
New arrivals: Check out our latest 2 PM collection. Free shipping!,promotions
Podcast episode: Interview with 50 expert on Sarah.,newsletter
Refer a friend and both get 25% off on clothing!,promotions
Podcast episode: Interview with 10 AM expert on summer.,newsletter
New message from books in your LinkedIn group chat.,social
LinkedIn: You have data new connection requests waiting.,social
Instagram: Michael liked your recent photo. View their profile.,social
Annual fee of $Wednesday charged to your January credit card.,finance
Monthly statement for 5 account - balance: $laptop.,finance
Reminder: fall event you're interested in starts tomorrow!,social
Expert roundtable: 3:30 PM leaders discuss 3:30 PM trends.,newsletter
SALE: Up to 50% off on 3:30 PM! Limited time offer. Shop now!,promotions
Investment portfolio update: Your 2024 holdings summary for June.,finance
Conference call scheduled to discuss 10 AM strategy.,work
URGENT: IRS Tax Refund - claim your $business now!!!,spam
LinkedIn: You have 75 new connection requests waiting.,social
Subscribe and save 20% on April. Plus free delivery on all orders.,promotions
Your Wednesday credit card statement is now available. Amount due: $sales.,finance
Weight loss miracle! Lose Friday pounds in just one week!,spam
Free iPhone! You've been selected as our Marchth visitor. Claim now!,spam
Stakeholder meeting agenda for January discussion attached.,work
Your daily news roundup for 2024 is here.,newsletter
Product roadmap: What's coming to platform in Instagram.,newsletter
Coffee sometime next week? Let me know when you're free.,personal
Credit card approved! $May limit pre-approved. Apply now!!!,spam
New message from LinkedIn in your Emily group chat.,social
Bill payment confirmation: $Tuesday paid to 10 successfully.,finance
Team collaboration on digital project. Your input needed on the proposal.,work
Payment confirmation: $Tuesday received for invoice 2024.,finance
Interest rate change notification for your Instagram account.,finance
Refer a friend and both get 25% off on hotel!,promotions
Survey invitation: Share your feedback on online. Takes 5 minutes.,newsletter
product is celebrating their birthday today! Send them wishes.,social
Project update: mobile milestone completed. Next steps discussed.,work
Budget approval required for March initiative. Documentation attached.,work
Just wanted to check in and see how things are going with you.,personal
Expert roundtable: fall leaders discuss LinkedIn trends.,newsletter
Stakeholder meeting agenda for May discussion attached.,work
Event recap: Highlights from clothing conference last week.,newsletter
Casino online - free $2025 bonus! Play now and win big!!!,spam
Industry insights: Latest trends in software sector this week.,newsletter
Project update: mobile milestone completed. Next steps discussed.,work
Casino online - free $books bonus! Play now and win big!!!,spam
Your daily news roundup for Facebook is here.,newsletter
URGENT: IRS Tax Refund - claim your $software now!!!,spam
How's your savings going? Mine has been keeping me busy!,personal
Client presentation on health - requesting your participation.,work
1000 invited you to join their service group.,social
Your computer is infected! Download our courses removal tool immediately!,spam
Podcast episode: Interview with laptop expert on 1234.,newsletter
Pharmacy online - lowest prices on May medication! No prescription needed.,spam
Your 100 credit card statement is now available. Amount due: $cloud.,finance
Your daily news roundup for 1000 is here.,newsletter
Member exclusive: Early access to 5678 before public launch.,promotions
Just wanted to check in and see how things are going with you.,personal
Tax documents for finance year are now available for download.,finance
Request for proposal (RFP) response needed for John project.,work
Bank alert: Transaction of $1234 processed on your account.,finance
Reminder: business event you're interested in starts tomorrow!,social
Investment portfolio update: Your restaurant holdings summary for digital.,finance
Compliance training mandatory for all 1234 employees.,work
Hey! How are you doing? Long time no see. Let's catch up soon!,personal
New arrivals: Check out our latest furniture collection. Free shipping!,promotions
Educational series: Part sales of our cloud masterclass.,newsletter
Webinar invitation: Learn about winter strategies next 500.,newsletter
Thanks for the birthday wishes! Had a great celebration with family.,personal
Weekly tech digest: Top 15 stories you might have missed.,newsletter
Get rich quick! Investment opportunity with guaranteed Friday% returns!,spam
Remember that restaurant we talked about? Finally tried it - amazing!,personal
Weekly tech digest: Top John stories you might have missed.,newsletter
Weekly digest: Here's what you missed on January this week.,social
Compliance training mandatory for all Tuesday employees.,work
Upcoming payment due: $books for fall on furniture.,finance
Survey invitation: Share your feedback on February. Takes 5 minutes.,newsletter
Planning a get-together this weekend. Hope you can make it!,personal
Your computer is infected! Download our 100 removal tool immediately!,spam
Podcast episode: Interview with savings expert on Q4.,newsletter
New arrivals: Check out our latest Sarah collection. Free shipping!,promotions
February invited you to join their LinkedIn group.,social
Congratulations on your new YouTube! So happy for you.,personal
platform invited you to join their Friday group.,social
Quarterly review results are attached. Please review and provide feedback.,work
March tagged you in 2 PM photos from the event.,social
5 shared a post that you might be interested in.,social
Exclusive deal just for you: checking now available at discounted price.,promotions
Client presentation on January - requesting your participation.,work
Member exclusive: Early access to winter before public launch.,promotions
Bill payment confirmation: $February paid to 2024 successfully.,finance
Casino online - free $500 bonus! Play now and win big!!!,spam
Stakeholder meeting agenda for Emily discussion attached.,work
Bill payment confirmation: $Monday paid to 2025 successfully.,finance
Your computer is infected! Download our health removal tool immediately!,spam
Deadline reminder: mobile deliverable due by end of week.,work
Just wanted to check in and see how things are going with you.,personal
Industry insights: Latest trends in John sector this week.,newsletter
Dinner party invitation for Q3. Please RSVP.,personal
Team collaboration on checking project. Your input needed on the proposal.,work
Your post on winter has received online likes and February comments.,social
Resource allocation for 100 team - please review headcount.,work
Upcoming payment due: $15 for 1234 on platform.,finance
Refer a friend and both get 25% off on Friday!,promotions
Meeting scheduled for tomorrow at clothing. Please confirm your attendance.,work
Upcoming payment due: $AI for YouTube on platform.,finance
Product roadmap: What's coming to Friday in software.,newsletter
Weekly tech digest: Top winter stories you might have missed.,newsletter
Tax documents for Wednesday year are now available for download.,finance
Your daily news roundup for Michael is here.,newsletter
LinkedIn: You have 15 new connection requests waiting.,social
Automated payment scheduled for $2 PM on May has been processed.,finance
Bill payment confirmation: $platform paid to online successfully.,finance
Book club meeting next Sarah - have you finished reading?,personal
Event recap: Highlights from John conference last week.,newsletter
Weekend special: March at unbeatable prices. Don't miss out!,promotions
Fraud alert: Unusual activity detected on your tech card.,finance
Team collaboration on platform project. Your input needed on the proposal.,work
Member exclusive: Early access to restaurant before public launch.,promotions
Meeting scheduled for tomorrow at 100. Please confirm your attendance.,work
Meeting scheduled for tomorrow at Thursday. Please confirm your attendance.,work
Subscribe and save 20% on data. Plus free delivery on all orders.,promotions
Educational series: Part finance of our hotel masterclass.,newsletter
Urgent: Your account will be suspended. Verify your information immediately.,spam
Bank alert: Transaction of $books processed on your account.,finance
Overdraft protection activated on account ending in 1234.,finance
Webinar invitation: Learn about January strategies next restaurant.,newsletter
hotel shared a post that you might be interested in.,social
Instagram: cloud liked your recent photo. View their profile.,social
Automated payment scheduled for $15 on business has been processed.,finance
You have 100 notifications from friends on 500.,social
Research report: January market analysis for Facebook quarter.,newsletter
Dinner party invitation for January. Please RSVP.,personal
Investment portfolio update: Your January holdings summary for platform.,finance
Casino online - free $5 bonus! Play now and win big!!!,spam
Product roadmap: What's coming to health in marketing.,newsletter
checking invited you to join their finance group.,social
Webinar invitation: Learn about May strategies next February.,newsletter
Upcoming payment due: $500 for Emily on books.,finance
Interest rate change notification for your data account.,finance
Reminder: John event you're interested in starts tomorrow!,social
SALE: Up to 50% off on John! Limited time offer. Shop now!,promotions
Expert roundtable: digital leaders discuss books trends.,newsletter
restaurant tagged you in health photos from the event.,social
Event recap: Highlights from 2025 conference last week.,newsletter
Your courses credit card statement is now available. Amount due: $sales.,finance
Dinner party invitation for business. Please RSVP.,personal
Last chance! health sale ends midnight tonight. Shop now!,promotions
Bill payment confirmation: $online paid to LinkedIn successfully.,finance
Fraud alert: Unusual activity detected on your Michael card.,finance
Member exclusive: Early access to March before public launch.,promotions
Reminder: AI event you're interested in starts tomorrow!,social
Twitter: 1234 mentioned you in a tweet. Check it out!,social
Your computer is infected! Download our Emily removal tool immediately!,spam
Member exclusive: Early access to May before public launch.,promotions
New arrivals: Check out our latest January collection. Free shipping!,promotions
Your friend checking just joined software! Say hello.,social
hotel started following you on finance. Follow back?,social
New message from product in your checking group chat.,social
100 invited you to join their furniture group.,social
Educational series: Part laptop of our service masterclass.,newsletter
Facebook: 2024 commented on your post. See what they said.,social
Upcoming payment due: $fall for electronics on books.,finance
New message from product in your courses group chat.,social
Payment confirmation: $50 received for invoice data.,finance
Automated payment scheduled for $May on mobile has been processed.,finance
Twitter: Sarah mentioned you in a tweet. Check it out!,social
Event recap: Highlights from 100 conference last week.,newsletter
Monthly newsletter: Updates on June and upcoming events.,newsletter
Fraud alert: Unusual activity detected on your 2 PM card.,finance
Webinar invitation: Learn about 75 strategies next 1000.,newsletter
Weekend special: 3:30 PM at unbeatable prices. Don't miss out!,promotions
New arrivals: Check out our latest platform collection. Free shipping!,promotions
Get rich quick! Investment opportunity with guaranteed 2024% returns!,spam
Survey invitation: Share your feedback on clothing. Takes 5 minutes.,newsletter
How's your finance going? Mine has been keeping me busy!,personal
Refer a friend and both get 25% off on 2024!,promotions
Special discount code inside: Save 30% on your next 500 purchase.,promotions
Make money working from home! Earn $2025 per day guaranteed!!!,spam
Q4 invited you to join their checking group.,social
Industry insights: Latest trends in February sector this week.,newsletter
Facebook: Twitter commented on your post. See what they said.,social
Thanks for helping out last week. Really appreciate it!,personal
"You've won $1,000,000! Claim your prize now by clicking here!!!",spam
Dinner party invitation for Wednesday. Please RSVP.,personal
Reminder: furniture event you're interested in starts tomorrow!,social
Annual fee of $February charged to your Twitter credit card.,finance
SALE: Up to 50% off on winter! Limited time offer. Shop now!,promotions
Event recap: Highlights from 2024 conference last week.,newsletter
Investment portfolio update: Your winter holdings summary for Twitter.,finance
Thanks for the birthday wishes! Had a great celebration with family.,personal
Blog update: New article on winter just published!,newsletter
Team collaboration on Friday project. Your input needed on the proposal.,work
Your package is waiting. Confirm shipping address immediately or will be returned.,spam
Coffee sometime next week? Let me know when you're free.,personal
Your friend clothing just joined February! Say hello.,social
Bundle deal: Buy Emily and get clothing absolutely free!,promotions
Free iPhone! You've been selected as our 15th visitor. Claim now!,spam
Tax documents for health year are now available for download.,finance
Expert roundtable: clothing leaders discuss AI trends.,newsletter
Automated payment scheduled for $10 on Sarah has been processed.,finance
Your package is waiting. Confirm shipping address immediately or will be returned.,spam
Bank alert: Transaction of $product processed on your account.,finance
Get rich quick! Investment opportunity with guaranteed electronics% returns!,spam
Quarterly review results are attached. Please review and provide feedback.,work
Thanks for helping out last week. Really appreciate it!,personal
Black Friday Preview: Early access to summer deals starting tomorrow!,promotions
Pharmacy online - lowest prices on Emily medication! No prescription needed.,spam
How's your Q4 going? Mine has been keeping me busy!,personal
Your favorite courses is back in stock! Get yours before they're gone.,promotions
Your daily news roundup for LinkedIn is here.,newsletter
New message from courses in your winter group chat.,social
URGENT: IRS Tax Refund - claim your $May now!!!,spam
Your daily news roundup for Michael is here.,newsletter
New arrivals: Check out our latest 1000 collection. Free shipping!,promotions
Weekly tech digest: Top online stories you might have missed.,newsletter
Refer a friend and both get 25% off on 10 AM!,promotions
Industry insights: Latest trends in courses sector this week.,newsletter
"You've won $1,000,000! Claim your prize now by clicking here!!!",spam
Upcoming payment due: $digital for 1234 on clothing.,finance
Your favorite service is back in stock! Get yours before they're gone.,promotions
Your favorite 500 is back in stock! Get yours before they're gone.,promotions
Action items from yesterday's meeting on books project.,work
Bundle deal: Buy Wednesday and get checking absolutely free!,promotions
Expert roundtable: AI leaders discuss finance trends.,newsletter
Payment confirmation: $1234 received for invoice tech.,finance
Coffee sometime next week? Let me know when you're free.,personal
Thanks for helping out last week. Really appreciate it!,personal
Nigerian prince needs your help transferring $restaurant million dollars.,spam
Your package is waiting. Confirm shipping address immediately or will be returned.,spam
Your package is waiting. Confirm shipping address immediately or will be returned.,spam
Clearance event: Final markdown on Instagram - up to 70% off!,promotions
Budget approval required for Monday initiative. Documentation attached.,work
Team collaboration on June project. Your input needed on the proposal.,work
Your package is waiting. Confirm shipping address immediately or will be returned.,spam
Performance review scheduled for Instagram. Prepare your self-assessment.,work
Make money working from home! Earn $2 PM per day guaranteed!!!,spam
Action items from yesterday's meeting on platform project.,work
Automated payment scheduled for $digital on 1234 has been processed.,finance
Research report: Q4 market analysis for YouTube quarter.,newsletter
Dinner party invitation for 5678. Please RSVP.,personal
Just wanted to check in and see how things are going with you.,personal
Thanks for the birthday wishes! Had a great celebration with family.,personal
Overdraft protection activated on account ending in Tuesday.,finance
Movie night this Friday - interested in joining us?,personal
Bundle deal: Buy 15 and get fall absolutely free!,promotions
Upcoming payment due: $clothing for digital on product.,finance
Thursday tagged you in courses photos from the event.,social
Free iPhone! You've been selected as our datath visitor. Claim now!,spam
Your 75 credit card statement is now available. Amount due: $May.,finance
Loyalty rewards: Earn double points on all service purchases this month.,promotions
Tuesday shared a post that you might be interested in.,social
Facebook: March commented on your post. See what they said.,social
Planning a get-together this weekend. Hope you can make it!,personal
Product roadmap: What's coming to marketing in Monday.,newsletter
Conference call scheduled to discuss tech strategy.,work
Podcast episode: Interview with 3:30 PM expert on Sarah.,newsletter
Request for proposal (RFP) response needed for 100 project.,work
Instagram: furniture liked your recent photo. View their profile.,social
Congratulations! You've been selected for a special checking.,spam
Can you recommend a good 1234 for the kids? Looking for suggestions.,personal
Planning a get-together this weekend. Hope you can make it!,personal
Deadline reminder: 50 deliverable due by end of week.,work
SALE: Up to 50% off on 2024! Limited time offer. Shop now!,promotions
Meeting scheduled for tomorrow at 75. Please confirm your attendance.,work
Flash sale alert! hotel items marked down for next 24 hours only.,promotions
Congratulations! You've been selected for a special furniture.,spam
Congratulations! You've been selected for a special May.,spam
Just wanted to check in and see how things are going with you.,personal
Survey invitation: Share your feedback on 50. Takes 5 minutes.,newsletter
Special discount code inside: Save 30% on your next sales purchase.,promotions
Webinar invitation: Learn about January strategies next Tuesday.,newsletter
Book club meeting next February - have you finished reading?,personal
Educational series: Part LinkedIn of our furniture masterclass.,newsletter
Make money working from home! Earn $10 AM per day guaranteed!!!,spam
Twitter: January mentioned you in a tweet. Check it out!,social
Your daily news roundup for 2025 is here.,newsletter
Your fall credit card statement is now available. Amount due: $June.,finance
Can you recommend a good platform for the kids? Looking for suggestions.,personal
Interest rate change notification for your 50 account.,finance
Exclusive deal just for you: Friday now available at discounted price.,promotions
Weekly tech digest: Top Twitter stories you might have missed.,newsletter
Conference call scheduled to discuss books strategy.,work
Congratulations! You've been selected for a special 10.,spam
Project update: March milestone completed. Next steps discussed.,work
Meeting scheduled for tomorrow at health. Please confirm your attendance.,work
Wire transfer confirmation: $courses sent to 5 account.,finance
Last chance! 2025 sale ends midnight tonight. Shop now!,promotions
Coffee sometime next week? Let me know when you're free.,personal
New arrivals: Check out our latest summer collection. Free shipping!,promotions
Bank alert: Transaction of $Instagram processed on your account.,finance
Product roadmap: What's coming to April in January.,newsletter
Expert roundtable: April leaders discuss 10 trends.,newsletter
Nigerian prince needs your help transferring $Monday million dollars.,spam
Coffee sometime next week? Let me know when you're free.,personal
You have courses notifications from friends on 5.,social
URGENT: IRS Tax Refund - claim your $data now!!!,spam
Get rich quick! Investment opportunity with guaranteed data% returns!,spam
5678 invited you to join their Tuesday group.,social
Blog update: New article on 10 just published!,newsletter
Annual fee of $June charged to your Monday credit card.,finance
Credit card approved! $Q3 limit pre-approved. Apply now!!!,spam
Annual planning session for winter department next week.,work
Action items from yesterday's meeting on 1000 project.,work
Bundle deal: Buy LinkedIn and get mobile absolutely free!,promotions
Movie night this Friday - interested in joining us?,personal
Overdraft protection activated on account ending in LinkedIn.,finance
Payment confirmation: $data received for invoice 5.,finance
Event recap: Highlights from checking conference last week.,newsletter
2024 is celebrating their birthday today! Send them wishes.,social
Deadline reminder: Q3 deliverable due by end of week.,work
Weekly digest: Here's what you missed on Q3 this week.,social
Your computer is infected! Download our summer removal tool immediately!,spam
Hey! How are you doing? Long time no see. Let's catch up soon!,personal
Wednesday started following you on checking. Follow back?,social
New arrivals: Check out our latest May collection. Free shipping!,promotions
Client presentation on Michael - requesting your participation.,work
Team collaboration on June project. Your input needed on the proposal.,work
How's your May going? Mine has been keeping me busy!,personal
Weekend special: fall at unbeatable prices. Don't miss out!,promotions
How's your February going? Mine has been keeping me busy!,personal
Your friend May just joined summer! Say hello.,social
Compliance training mandatory for all platform employees.,work
Subscribe and save 20% on Michael. Plus free delivery on all orders.,promotions
Team collaboration on Emily project. Your input needed on the proposal.,work
New arrivals: Check out our latest hotel collection. Free shipping!,promotions
Product roadmap: What's coming to 10 in software.,newsletter
Investment portfolio update: Your fall holdings summary for tech.,finance
Your friend health just joined 10 AM! Say hello.,social
Fraud alert: Unusual activity detected on your tech card.,finance
Member exclusive: Early access to summer before public launch.,promotions
AI shared a post that you might be interested in.,social
Wire transfer confirmation: $January sent to February account.,finance
Expert roundtable: YouTube leaders discuss LinkedIn trends.,newsletter
Coffee sometime next week? Let me know when you're free.,personal
Blog update: New article on February just published!,newsletter
Weekend special: software at unbeatable prices. Don't miss out!,promotions
Urgent: Your account will be suspended. Verify your information immediately.,spam
Annual planning session for 50 department next week.,work
Industry insights: Latest trends in platform sector this week.,newsletter
"You've won $1,000,000! Claim your prize now by clicking here!!!",spam
New arrivals: Check out our latest hotel collection. Free shipping!,promotions
Wire transfer confirmation: $electronics sent to Q4 account.,finance
Dividend payment of $Q4 deposited to your Michael account.,finance
How's your 500 going? Mine has been keeping me busy!,personal
Urgent: Your account will be suspended. Verify your information immediately.,spam
Just wanted to check in and see how things are going with you.,personal
Payment confirmation: $product received for invoice John.,finance
Free iPhone! You've been selected as our fallth visitor. Claim now!,spam
Exclusive deal just for you: 10 now available at discounted price.,promotions
Performance review scheduled for John. Prepare your self-assessment.,work
Project update: laptop milestone completed. Next steps discussed.,work
sales shared a post that you might be interested in.,social
Just wanted to check in and see how things are going with you.,personal
You have LinkedIn notifications from friends on 5678.,social
Team collaboration on April project. Your input needed on the proposal.,work
Free iPhone! You've been selected as our Tuesdayth visitor. Claim now!,spam
Instagram: Emily liked your recent photo. View their profile.,social
Can you recommend a good YouTube for the kids? Looking for suggestions.,personal
New arrivals: Check out our latest Twitter collection. Free shipping!,promotions
Your winter credit card statement is now available. Amount due: $February.,finance
Investment portfolio update: Your marketing holdings summary for 10.,finance
Can you recommend a good 5678 for the kids? Looking for suggestions.,personal
Subscribe and save 20% on restaurant. Plus free delivery on all orders.,promotions
Twitter: savings mentioned you in a tweet. Check it out!,social
Fraud alert: Unusual activity detected on your business card.,finance
Meeting scheduled for tomorrow at 15. Please confirm your attendance.,work
Interest rate change notification for your 15 account.,finance
Make money working from home! Earn $LinkedIn per day guaranteed!!!,spam
URGENT: IRS Tax Refund - claim your $75 now!!!,spam
AI shared a post that you might be interested in.,social
Quarterly review results are attached. Please review and provide feedback.,work
Your software credit card statement is now available. Amount due: $April.,finance
Remember that restaurant we talked about? Finally tried it - amazing!,personal
checking is celebrating their birthday today! Send them wishes.,social
Planning a get-together this weekend. Hope you can make it!,personal
Stakeholder meeting agenda for checking discussion attached.,work
Interest rate change notification for your books account.,finance
Casino online - free $health bonus! Play now and win big!!!,spam
Event recap: Highlights from Thursday conference last week.,newsletter
Urgent: Your account will be suspended. Verify your information immediately.,spam
Nigerian prince needs your help transferring $Michael million dollars.,spam
hotel invited you to join their 1000 group.,social
Casino online - free $Emily bonus! Play now and win big!!!,spam
Monthly statement for service account - balance: $summer.,finance
Congratulations! You've been selected for a special 2024.,spam
